source_file,source_sheet,source_row_index_1based,source_building_no,building_name,report_month,cumulative_reading_kwh,previous_cumulative_reading_kwh,monthly_usage_kwh,monthly_usage_available,usage_quality_flag,raw_value,non_numeric_raw_value,building_name_recent,building_name_long_term,selection_tier,year,month
영남대학교_단과대학별_월별_전기사용량(2024.01~2026.06).xlsx,Sheet1,62,41.0,IT관,2024-02,2363791.0,2327440.0,36351.0,True,ok,2363791,False,IT관,IT관,review_optional_major,2024,2
영남대학교_단과대학별_월별_전기사용량(2024.01~2026.06).xlsx,Sheet1,62,41.0,IT관,2024-03,2412786.0,2363791.0,48995.0,True,ok,2412786,False,IT관,IT관,review_optional_major,2024,3
영남대학교_단과대학별_월별_전기사용량(2024.01~2026.06).xlsx,Sheet1,62,41.0,IT관,2024-04,2449608.0,2412786.0,36822.0,True,ok,2449608,False,IT관,IT관,review_optional_major,2024,4
영남대학교_단과대학별_월별_전기사용량(2024.01~2026.06).xlsx,Sheet1,62,41.0,IT관,2024-05,2485094.0,2449608.0,35486.0,True,ok,2485094,False,IT관,IT관,review_optional_major,2024,5
영남대학교_단과대학별_월별_전기사용량(2024.01~2026.06).xlsx,Sheet1,62,41.0,IT관,2024-06,2530416.0,2485094.0,45322.0,True,ok,2530416,False,IT관,IT관,review_optional_major,2024,6
영남대학교_단과대학별_월별_전기사용량(2024.01~2026.06).xlsx,Sheet1,62,41.0,IT관,2024-07,2578586.0,2530416.0,48170.0,True,ok,2578586,False,IT관,IT관,review_optional_major,2024,7
영남대학교_단과대학별_월별_전기사용량(2024.01~2026.06).xlsx,Sheet1,62,41.0,IT관,2024-08,2620940.0,2578586.0,42354.0,True,ok,2620940,False,IT관,IT관,review_optional_major,2024,8
영남대학교_단과대학별_월별_전기사용량(2024.01~2026.06).xlsx,Sheet1,62,41.0,IT관,2024-09,2667579.0,2620940.0,46639.0,True,ok,2667579,False,IT관,IT관,review_optional_major,2024,9
영남대학교_단과대학별_월별_전기사용량(2024.01~2026.06).xlsx,Sheet1,62,41.0,IT관,2024-10,2705371.0,2667579.0,37792.0,True,ok,2705371,False,IT관,IT관,review_optional_major,2024,10
영남대학교_단과대학별_월별_전기사용량(2024.01~2026.06).xlsx,Sheet1,62,41.0,IT관,2024-11,2743899.0,2705371.0,38528.0,True,ok,2743899,False,IT관,IT관,review_optional_major,2024,11
영남대학교_단과대학별_월별_전기사용량(2024.01~2026.06).xlsx,Sheet1,62,41.0,IT관,2024-12,2804056.0,2743899.0,60157.0,True,ok,2804056,False,IT관,IT관,review_optional_major,2024,12
영남대학교_단과대학별_월별_전기사용량(2024.01~2026.06).xlsx,Sheet1,62,41.0,IT관,2025-01,2860492.0,2804056.0,56436.0,True,ok,2860492,False,IT관,IT관,review_optional_major,2025,1
영남대학교_단과대학별_월별_전기사용량(2024.01~2026.06).xlsx,Sheet1,62,41.0,IT관,2025-02,2912480.0,2860492.0,51988.0,True,ok,2912480,False,IT관,IT관,review_optional_major,2025,2
영남대학교_단과대학별_월별_전기사용량(2024.01~2026.06).xlsx,Sheet1,62,41.0,IT관,2025-03,2951827.0,2912480.0,39347.0,True,ok,2951827,False,IT관,IT관,review_optional_major,2025,3
영남대학교_단과대학별_월별_전기사용량(2024.01~2026.06).xlsx,Sheet1,62,41.0,IT관,2025-04,2985690.0,2951827.0,33863.0,True,ok,2985690,False,IT관,IT관,review_optional_major,2025,4
영남대학교_단과대학별_월별_전기사용량(2024.01~2026.06).xlsx,Sheet1,62,41.0,IT관,2025-05,3019997.0,2985690.0,34307.0,True,ok,3019997,False,IT관,IT관,review_optional_major,2025,5
영남대학교_단과대학별_월별_전기사용량(2024.01~2026.06).xlsx,Sheet1,62,41.0,IT관,2025-06,3059312.0,3019997.0,39315.0,True,ok,3059312,False,IT관,IT관,review_optional_major,2025,6
영남대학교_단과대학별_월별_전기사용량(2024.01~2026.06).xlsx,Sheet1,62,41.0,IT관,2025-07,3106502.0,3059312.0,47190.0,True,ok,3106502,False,IT관,IT관,review_optional_major,2025,7
영남대학교_단과대학별_월별_전기사용량(2024.01~2026.06).xlsx,Sheet1,62,41.0,IT관,2025-08,3144074.0,3106502.0,37572.0,True,ok,3144074,False,IT관,IT관,review_optional_major,2025,8
영남대학교_단과대학별_월별_전기사용량(2024.01~2026.06).xlsx,Sheet1,62,41.0,IT관,2025-09,3189554.0,3144074.0,45480.0,True,ok,3189554,False,IT관,IT관,review_optional_major,2025,9
영남대학교_단과대학별_월별_전기사용량(2024.01~2026.06).xlsx,Sheet1,62,41.0,IT관,2025-10,3224791.0,3189554.0,35237.0,True,ok,3224791,False,IT관,IT관,review_optional_major,2025,10
영남대학교_단과대학별_월별_전기사용량(2024.01~2026.06).xlsx,Sheet1,62,41.0,IT관,2025-11,3264594.0,3224791.0,39803.0,True,ok,3264594,False,IT관,IT관,review_optional_major,2025,11
영남대학교_단과대학별_월별_전기사용량(2024.01~2026.06).xlsx,Sheet1,62,41.0,IT관,2025-12,3315719.0,3264594.0,51125.0,True,ok,3315719,False,IT관,IT관,review_optional_major,2025,12
영남대학교_단과대학별_월별_전기사용량(2024.01~2026.06).xlsx,Sheet1,62,41.0,IT관,2026-01,3374196.0,3315719.0,58477.0,True,ok,3374196,False,IT관,IT관,review_optional_major,2026,1
영남대학교_단과대학별_월별_전기사용량(2024.01~2026.06).xlsx,Sheet1,62,41.0,IT관,2026-02,3414740.0,3374196.0,40544.0,True,ok,3414740,False,IT관,IT관,review_optional_major,2026,2
영남대학교_단과대학별_월별_전기사용량(2024.01~2026.06).xlsx,Sheet1,62,41.0,IT관,2026-03,3462362.0,3414740.0,47622.0,True,ok,3462362,False,IT관,IT관,review_optional_major,2026,3
영남대학교_단과대학별_월별_전기사용량(2024.01~2026.06).xlsx,Sheet1,16,9.0,과학도서관,2024-02,2307507.0,2239257.0,68250.0,True,ok,2307507,False,과학도서관,과학도서관,review_optional_major,2024,2
영남대학교_단과대학별_월별_전기사용량(2024.01~2026.06).xlsx,Sheet1,16,9.0,과학도서관,2024-03,2384577.0,2307507.0,77070.0,True,ok,2384577,False,과학도서관,과학도서관,review_optional_major,2024,3
영남대학교_단과대학별_월별_전기사용량(2024.01~2026.06).xlsx,Sheet1,16,9.0,과학도서관,2024-04,2447489.0,2384577.0,62912.0,True,ok,2447489,False,과학도서관,과학도서관,review_optional_major,2024,4
영남대학교_단과대학별_월별_전기사용량(2024.01~2026.06).xlsx,Sheet1,16,9.0,과학도서관,2024-05,2502546.0,2447489.0,55057.0,True,ok,2502546,False,과학도서관,과학도서관,review_optional_major,2024,5
영남대학교_단과대학별_월별_전기사용량(2024.01~2026.06).xlsx,Sheet1,16,9.0,과학도서관,2024-06,2584334.0,2502546.0,81788.0,True,ok,2584334,False,과학도서관,과학도서관,review_optional_major,2024,6
영남대학교_단과대학별_월별_전기사용량(2024.01~2026.06).xlsx,Sheet1,16,9.0,과학도서관,2024-07,2657734.0,2584334.0,73400.0,True,ok,2657734,False,과학도서관,과학도서관,review_optional_major,2024,7
영남대학교_단과대학별_월별_전기사용량(2024.01~2026.06).xlsx,Sheet1,16,9.0,과학도서관,2024-08,2737425.0,2657734.0,79691.0,True,ok,2737425,False,과학도서관,과학도서관,review_optional_major,2024,8
영남대학교_단과대학별_월별_전기사용량(2024.01~2026.06).xlsx,Sheet1,16,9.0,과학도서관,2024-09,2812922.0,2737425.0,75497.0,True,ok,2812922,False,과학도서관,과학도서관,review_optional_major,2024,9
영남대학교_단과대학별_월별_전기사용량(2024.01~2026.06).xlsx,Sheet1,16,9.0,과학도서관,2024-10,2871642.0,2812922.0,58720.0,True,ok,2871642,False,과학도서관,과학도서관,review_optional_major,2024,10
영남대학교_단과대학별_월별_전기사용량(2024.01~2026.06).xlsx,Sheet1,16,9.0,과학도서관,2024-11,2934549.0,2871642.0,62907.0,True,ok,2934549,False,과학도서관,과학도서관,review_optional_major,2024,11
영남대학교_단과대학별_월별_전기사용량(2024.01~2026.06).xlsx,Sheet1,16,9.0,과학도서관,2024-12,3022636.0,2934549.0,88087.0,True,ok,3022636,False,과학도서관,과학도서관,review_optional_major,2024,12
영남대학교_단과대학별_월별_전기사용량(2024.01~2026.06).xlsx,Sheet1,16,9.0,과학도서관,2025-01,3106523.0,3022636.0,83887.0,True,ok,3106523,False,과학도서관,과학도서관,review_optional_major,2025,1
영남대학교_단과대학별_월별_전기사용량(2024.01~2026.06).xlsx,Sheet1,16,9.0,과학도서관,2025-02,3194603.0,3106523.0,88080.0,True,ok,3194603,False,과학도서관,과학도서관,review_optional_major,2025,2
영남대학교_단과대학별_월별_전기사용량(2024.01~2026.06).xlsx,Sheet1,16,9.0,과학도서관,2025-03,3270101.0,3194603.0,75498.0,True,ok,3270101,False,과학도서관,과학도서관,review_optional_major,2025,3
영남대학교_단과대학별_월별_전기사용량(2024.01~2026.06).xlsx,Sheet1,16,9.0,과학도서관,2025-04,3940187.0,3270101.0,670086.0,True,ok,3940187,False,과학도서관,과학도서관,review_optional_major,2025,4
영남대학교_단과대학별_월별_전기사용량(2024.01~2026.06).xlsx,Sheet1,16,9.0,과학도서관,2025-05,3990542.0,3940187.0,50355.0,True,ok,3990542,False,과학도서관,과학도서관,review_optional_major,2025,5
영남대학교_단과대학별_월별_전기사용량(2024.01~2026.06).xlsx,Sheet1,16,9.0,과학도서관,2025-06,4074428.0,3990542.0,83886.0,True,ok,4074428,False,과학도서관,과학도서관,review_optional_major,2025,6
영남대학교_단과대학별_월별_전기사용량(2024.01~2026.06).xlsx,Sheet1,16,9.0,과학도서관,2025-07,4158311.0,4074428.0,83883.0,True,ok,4158311,False,과학도서관,과학도서관,review_optional_major,2025,7
영남대학교_단과대학별_월별_전기사용량(2024.01~2026.06).xlsx,Sheet1,16,9.0,과학도서관,2025-08,4233811.0,4158311.0,75500.0,True,ok,4233811,False,과학도서관,과학도서관,review_optional_major,2025,8
영남대학교_단과대학별_월별_전기사용량(2024.01~2026.06).xlsx,Sheet1,16,9.0,과학도서관,2025-09,4309308.0,4233811.0,75497.0,True,ok,4309308,False,과학도서관,과학도서관,review_optional_major,2025,9
영남대학교_단과대학별_월별_전기사용량(2024.01~2026.06).xlsx,Sheet1,16,9.0,과학도서관,2025-10,4376417.0,4309308.0,67109.0,True,ok,4376417,False,과학도서관,과학도서관,review_optional_major,2025,10
영남대학교_단과대학별_월별_전기사용량(2024.01~2026.06).xlsx,Sheet1,16,9.0,과학도서관,2025-11,4443527.0,4376417.0,67110.0,True,ok,4443527,False,과학도서관,과학도서관,review_optional_major,2025,11
영남대학교_단과대학별_월별_전기사용량(2024.01~2026.06).xlsx,Sheet1,16,9.0,과학도서관,2025-12,4535802.0,4443527.0,92275.0,True,ok,4535802,False,과학도서관,과학도서관,review_optional_major,2025,12
영남대학교_단과대학별_월별_전기사용량(2024.01~2026.06).xlsx,Sheet1,16,9.0,과학도서관,2026-01,4619688.0,4535802.0,83886.0,True,ok,4619688,False,과학도서관,과학도서관,review_optional_major,2026,1
영남대학교_단과대학별_월별_전기사용량(2024.01~2026.06).xlsx,Sheet1,16,9.0,과학도서관,2026-02,4695185.0,4619688.0,75497.0,True,ok,4695185,False,과학도서관,과학도서관,review_optional_major,2026,2
영남대학교_단과대학별_월별_전기사용량(2024.01~2026.06).xlsx,Sheet1,16,9.0,과학도서관,2026-03,4762294.0,4695185.0,67109.0,True,ok,4762294,False,과학도서관,과학도서관,review_optional_major,2026,3
영남대학교_단과대학별_월별_전기사용량(2024.01~2026.06).xlsx,Sheet1,45,29.0,정보전산원,2024-02,6625239.0,6525354.0,99885.0,True,ok,6625239,False,정보전산원,정보전산원,review_optional_major,2024,2
영남대학교_단과대학별_월별_전기사용량(2024.01~2026.06).xlsx,Sheet1,45,29.0,정보전산원,2024-03,6738168.0,6625239.0,112929.0,True,ok,6738168,False,정보전산원,정보전산원,review_optional_major,2024,3
영남대학교_단과대학별_월별_전기사용량(2024.01~2026.06).xlsx,Sheet1,45,29.0,정보전산원,2024-04,6836219.0,6738168.0,98051.0,True,ok,6836219,False,정보전산원,정보전산원,review_optional_major,2024,4
영남대학교_단과대학별_월별_전기사용량(2024.01~2026.06).xlsx,Sheet1,45,29.0,정보전산원,2024-05,6933718.0,6836219.0,97499.0,True,ok,6933718,False,정보전산원,정보전산원,review_optional_major,2024,5
영남대학교_단과대학별_월별_전기사용량(2024.01~2026.06).xlsx,Sheet1,45,29.0,정보전산원,2024-06,7040639.0,6933718.0,106921.0,True,ok,7040639,False,정보전산원,정보전산원,review_optional_major,2024,6
영남대학교_단과대학별_월별_전기사용량(2024.01~2026.06).xlsx,Sheet1,45,29.0,정보전산원,2024-07,7153964.0,7040639.0,113325.0,True,ok,7153964,False,정보전산원,정보전산원,review_optional_major,2024,7
영남대학교_단과대학별_월별_전기사용량(2024.01~2026.06).xlsx,Sheet1,45,29.0,정보전산원,2024-08,7274424.0,7153964.0,120460.0,True,ok,7274424,False,정보전산원,정보전산원,review_optional_major,2024,8
영남대학교_단과대학별_월별_전기사용량(2024.01~2026.06).xlsx,Sheet1,45,29.0,정보전산원,2024-09,7392029.0,7274424.0,117605.0,True,ok,7392029,False,정보전산원,정보전산원,review_optional_major,2024,9
영남대학교_단과대학별_월별_전기사용량(2024.01~2026.06).xlsx,Sheet1,45,29.0,정보전산원,2024-10,7489780.0,7392029.0,97751.0,True,ok,7489780,False,정보전산원,정보전산원,review_optional_major,2024,10
영남대학교_단과대학별_월별_전기사용량(2024.01~2026.06).xlsx,Sheet1,45,29.0,정보전산원,2024-11,7593201.0,7489780.0,103421.0,True,ok,7593201,False,정보전산원,정보전산원,review_optional_major,2024,11
영남대학교_단과대학별_월별_전기사용량(2024.01~2026.06).xlsx,Sheet1,45,29.0,정보전산원,2024-12,7714870.0,7593201.0,121669.0,True,ok,7714870,False,정보전산원,정보전산원,review_optional_major,2024,12
영남대학교_단과대학별_월별_전기사용량(2024.01~2026.06).xlsx,Sheet1,45,29.0,정보전산원,2025-01,7818352.0,7714870.0,103482.0,True,ok,7818352,False,정보전산원,정보전산원,review_optional_major,2025,1
영남대학교_단과대학별_월별_전기사용량(2024.01~2026.06).xlsx,Sheet1,45,29.0,정보전산원,2025-02,7917474.0,7818352.0,99122.0,True,ok,7917474,False,정보전산원,정보전산원,review_optional_major,2025,2
영남대학교_단과대학별_월별_전기사용량(2024.01~2026.06).xlsx,Sheet1,45,29.0,정보전산원,2025-03,8019150.0,7917474.0,101676.0,True,ok,8019150,False,정보전산원,정보전산원,review_optional_major,2025,3
영남대학교_단과대학별_월별_전기사용량(2024.01~2026.06).xlsx,Sheet1,45,29.0,정보전산원,2025-04,8116660.0,8019150.0,97510.0,True,ok,8116660,False,정보전산원,정보전산원,review_optional_major,2025,4
영남대학교_단과대학별_월별_전기사용량(2024.01~2026.06).xlsx,Sheet1,45,29.0,정보전산원,2025-05,8214751.0,8116660.0,98091.0,True,ok,8214751,False,정보전산원,정보전산원,review_optional_major,2025,5
영남대학교_단과대학별_월별_전기사용량(2024.01~2026.06).xlsx,Sheet1,45,29.0,정보전산원,2025-06,8321869.0,8214751.0,107118.0,True,ok,8321869,False,정보전산원,정보전산원,review_optional_major,2025,6
영남대학교_단과대학별_월별_전기사용량(2024.01~2026.06).xlsx,Sheet1,45,29.0,정보전산원,2025-07,8439249.0,8321869.0,117380.0,True,ok,8439249,False,정보전산원,정보전산원,review_optional_major,2025,7
영남대학교_단과대학별_월별_전기사용량(2024.01~2026.06).xlsx,Sheet1,45,29.0,정보전산원,2025-08,8555457.0,8439249.0,116208.0,True,ok,8555457,False,정보전산원,정보전산원,review_optional_major,2025,8
영남대학교_단과대학별_월별_전기사용량(2024.01~2026.06).xlsx,Sheet1,45,29.0,정보전산원,2025-09,8673162.0,8555457.0,117705.0,True,ok,8673162,False,정보전산원,정보전산원,review_optional_major,2025,9
영남대학교_단과대학별_월별_전기사용량(2024.01~2026.06).xlsx,Sheet1,45,29.0,정보전산원,2025-10,8772132.0,8673162.0,98970.0,True,ok,8772132,False,정보전산원,정보전산원,review_optional_major,2025,10
영남대학교_단과대학별_월별_전기사용량(2024.01~2026.06).xlsx,Sheet1,45,29.0,정보전산원,2025-11,8875649.0,8772132.0,103517.0,True,ok,8875649,False,정보전산원,정보전산원,review_optional_major,2025,11
영남대학교_단과대학별_월별_전기사용량(2024.01~2026.06).xlsx,Sheet1,45,29.0,정보전산원,2025-12,8990931.0,8875649.0,115282.0,True,ok,8990931,False,정보전산원,정보전산원,review_optional_major,2025,12
영남대학교_단과대학별_월별_전기사용량(2024.01~2026.06).xlsx,Sheet1,45,29.0,정보전산원,2026-01,9101780.0,8990931.0,110849.0,True,ok,9101780,False,정보전산원,정보전산원,review_optional_major,2026,1
영남대학교_단과대학별_월별_전기사용량(2024.01~2026.06).xlsx,Sheet1,45,29.0,정보전산원,2026-02,9197932.0,9101780.0,96152.0,True,ok,9197932,False,정보전산원,정보전산원,review_optional_major,2026,2
영남대학교_단과대학별_월별_전기사용량(2024.01~2026.06).xlsx,Sheet1,45,29.0,정보전산원,2026-03,9299711.0,9197932.0,101779.0,True,ok,9299711,False,정보전산원,정보전산원,review_optional_major,2026,3
영남대학교_단과대학별_월별_전기사용량(2024.01~2026.06).xlsx,Sheet1,34,23.0,인문관,2024-02,1095592.0,1082717.0,12875.0,True,ok,1095592,False,제1인문관심야,인문관,review_optional_major,2024,2
영남대학교_단과대학별_월별_전기사용량(2024.01~2026.06).xlsx,Sheet1,34,23.0,인문관,2024-03,1116488.0,1095592.0,20896.0,True,ok,1116488,False,제1인문관심야,인문관,review_optional_major,2024,3
영남대학교_단과대학별_월별_전기사용량(2024.01~2026.06).xlsx,Sheet1,34,23.0,인문관,2024-04,1136030.0,1116488.0,19542.0,True,ok,1136030,False,제1인문관심야,인문관,review_optional_major,2024,4
영남대학교_단과대학별_월별_전기사용량(2024.01~2026.06).xlsx,Sheet1,34,23.0,인문관,2024-05,1154610.0,1136030.0,18580.0,True,ok,1154610,False,제1인문관심야,인문관,review_optional_major,2024,5
영남대학교_단과대학별_월별_전기사용량(2024.01~2026.06).xlsx,Sheet1,34,23.0,인문관,2024-06,1178624.0,1154610.0,24014.0,True,ok,1178624,False,제1인문관심야,인문관,review_optional_major,2024,6
영남대학교_단과대학별_월별_전기사용량(2024.01~2026.06).xlsx,Sheet1,34,23.0,인문관,2024-07,1192153.0,1178624.0,13529.0,True,ok,1192153,False,제1인문관심야,인문관,review_optional_major,2024,7
영남대학교_단과대학별_월별_전기사용량(2024.01~2026.06).xlsx,Sheet1,34,23.0,인문관,2024-08,1207379.0,1192153.0,15226.0,True,ok,1207379,False,제1인문관심야,인문관,review_optional_major,2024,8
영남대학교_단과대학별_월별_전기사용량(2024.01~2026.06).xlsx,Sheet1,34,23.0,인문관,2024-09,1239574.0,1207379.0,32195.0,True,ok,1239574,False,제1인문관심야,인문관,review_optional_major,2024,9
영남대학교_단과대학별_월별_전기사용량(2024.01~2026.06).xlsx,Sheet1,34,23.0,인문관,2024-10,1259381.0,1239574.0,19807.0,True,ok,1259381,False,제1인문관심야,인문관,review_optional_major,2024,10
영남대학교_단과대학별_월별_전기사용량(2024.01~2026.06).xlsx,Sheet1,34,23.0,인문관,2024-11,1282369.0,1259381.0,22988.0,True,ok,1282369,False,제1인문관심야,인문관,review_optional_major,2024,11
영남대학교_단과대학별_월별_전기사용량(2024.01~2026.06).xlsx,Sheet1,34,23.0,인문관,2024-12,1308836.0,1282369.0,26467.0,True,ok,1308836,False,제1인문관심야,인문관,review_optional_major,2024,12
영남대학교_단과대학별_월별_전기사용량(2024.01~2026.06).xlsx,Sheet1,34,23.0,인문관,2025-01,1324945.0,1308836.0,16109.0,True,ok,1324945,False,제1인문관심야,인문관,review_optional_major,2025,1
영남대학교_단과대학별_월별_전기사용량(2024.01~2026.06).xlsx,Sheet1,34,23.0,인문관,2025-02,1344554.0,1324945.0,19609.0,True,ok,1344554,False,제1인문관심야,인문관,review_optional_major,2025,2
영남대학교_단과대학별_월별_전기사용량(2024.01~2026.06).xlsx,Sheet1,34,23.0,인문관,2025-03,1369374.0,1344554.0,24820.0,True,ok,1369374,False,제1인문관심야,인문관,review_optional_major,2025,3
영남대학교_단과대학별_월별_전기사용량(2024.01~2026.06).xlsx,Sheet1,34,23.0,인문관,2025-04,1390764.0,1369374.0,21390.0,True,ok,1390764,False,제1인문관심야,인문관,review_optional_major,2025,4
영남대학교_단과대학별_월별_전기사용량(2024.01~2026.06).xlsx,Sheet1,34,23.0,인문관,2025-05,1410849.0,1390764.0,20085.0,True,ok,1410849,False,제1인문관심야,인문관,review_optional_major,2025,5
영남대학교_단과대학별_월별_전기사용량(2024.01~2026.06).xlsx,Sheet1,34,23.0,인문관,2025-06,1435957.0,1410849.0,25108.0,True,ok,1435957,False,제1인문관심야,인문관,review_optional_major,2025,6
영남대학교_단과대학별_월별_전기사용량(2024.01~2026.06).xlsx,Sheet1,34,23.0,인문관,2025-07,1451402.0,1435957.0,15445.0,True,ok,1451402,False,제1인문관심야,인문관,review_optional_major,2025,7
영남대학교_단과대학별_월별_전기사용량(2024.01~2026.06).xlsx,Sheet1,34,23.0,인문관,2025-08,1468425.0,1451402.0,17023.0,True,ok,1468425,False,제1인문관심야,인문관,review_optional_major,2025,8
영남대학교_단과대학별_월별_전기사용량(2024.01~2026.06).xlsx,Sheet1,34,23.0,인문관,2025-09,1505338.0,1468425.0,36913.0,True,ok,1505338,False,제1인문관심야,인문관,review_optional_major,2025,9
영남대학교_단과대학별_월별_전기사용량(2024.01~2026.06).xlsx,Sheet1,34,23.0,인문관,2025-10,1524409.0,1505338.0,19071.0,True,ok,1524409,False,제1인문관심야,인문관,review_optional_major,2025,10
영남대학교_단과대학별_월별_전기사용량(2024.01~2026.06).xlsx,Sheet1,34,23.0,인문관,2025-11,1571660.0,1524409.0,47251.0,True,ok,1571660,False,제1인문관심야,인문관,review_optional_major,2025,11
영남대학교_단과대학별_월별_전기사용량(2024.01~2026.06).xlsx,Sheet1,34,23.0,인문관,2025-12,1651712.0,1571660.0,80052.0,True,ok,1651712,False,제1인문관심야,인문관,review_optional_major,2025,12
영남대학교_단과대학별_월별_전기사용량(2024.01~2026.06).xlsx,Sheet1,34,23.0,인문관,2026-01,1735926.0,1651712.0,84214.0,True,ok,1735926,False,제1인문관심야,인문관,review_optional_major,2026,1
영남대학교_단과대학별_월별_전기사용량(2024.01~2026.06).xlsx,Sheet1,34,23.0,인문관,2026-02,1808278.0,1735926.0,72352.0,True,ok,1808278,False,제1인문관심야,인문관,review_optional_major,2026,2
영남대학교_단과대학별_월별_전기사용량(2024.01~2026.06).xlsx,Sheet1,34,23.0,인문관,2026-03,1868571.0,1808278.0,60293.0,True,ok,1868571,False,제1인문관심야,인문관,review_optional_major,2026,3
영남대학교_단과대학별_월별_전기사용량(2024.01~2026.06).xlsx,Sheet1,57,37.0,중앙도서관,2024-02,5616656.0,5518564.0,98092.0,True,ok,5616656,False,중앙도서관,중앙도서관,review_optional_major,2024,2
영남대학교_단과대학별_월별_전기사용량(2024.01~2026.06).xlsx,Sheet1,57,37.0,중앙도서관,2024-03,5727592.0,5616656.0,110936.0,True,ok,5727592,False,중앙도서관,중앙도서관,review_optional_major,2024,3
영남대학교_단과대학별_월별_전기사용량(2024.01~2026.06).xlsx,Sheet1,57,37.0,중앙도서관,2024-04,5817119.0,5727592.0,89527.0,True,ok,5817119,False,중앙도서관,중앙도서관,review_optional_major,2024,4
영남대학교_단과대학별_월별_전기사용량(2024.01~2026.06).xlsx,Sheet1,57,37.0,중앙도서관,2024-05,5901682.0,5817119.0,84563.0,True,ok,5901682,False,중앙도서관,중앙도서관,review_optional_major,2024,5
영남대학교_단과대학별_월별_전기사용량(2024.01~2026.06).xlsx,Sheet1,57,37.0,중앙도서관,2024-06,5997114.0,5901682.0,95432.0,True,ok,5997114,False,중앙도서관,중앙도서관,review_optional_major,2024,6
영남대학교_단과대학별_월별_전기사용량(2024.01~2026.06).xlsx,Sheet1,57,37.0,중앙도서관,2024-07,6089211.0,5997114.0,92097.0,True,ok,6089211,False,중앙도서관,중앙도서관,review_optional_major,2024,7
영남대학교_단과대학별_월별_전기사용량(2024.01~2026.06).xlsx,Sheet1,57,37.0,중앙도서관,2024-08,6183448.0,6089211.0,94237.0,True,ok,6183448,False,중앙도서관,중앙도서관,review_optional_major,2024,8
영남대학교_단과대학별_월별_전기사용량(2024.01~2026.06).xlsx,Sheet1,57,37.0,중앙도서관,2024-09,6278424.0,6183448.0,94976.0,True,ok,6278424,False,중앙도서관,중앙도서관,review_optional_major,2024,9
영남대학교_단과대학별_월별_전기사용량(2024.01~2026.06).xlsx,Sheet1,57,37.0,중앙도서관,2024-10,6368096.0,6278424.0,89672.0,True,ok,6368096,False,중앙도서관,중앙도서관,review_optional_major,2024,10
영남대학교_단과대학별_월별_전기사용량(2024.01~2026.06).xlsx,Sheet1,57,37.0,중앙도서관,2024-11,6459293.0,6368096.0,91197.0,True,ok,6459293,False,중앙도서관,중앙도서관,review_optional_major,2024,11
영남대학교_단과대학별_월별_전기사용량(2024.01~2026.06).xlsx,Sheet1,57,37.0,중앙도서관,2024-12,6577524.0,6459293.0,118231.0,True,ok,6577524,False,중앙도서관,중앙도서관,review_optional_major,2024,12
영남대학교_단과대학별_월별_전기사용량(2024.01~2026.06).xlsx,Sheet1,57,37.0,중앙도서관,2025-01,6683136.0,6577524.0,105612.0,True,ok,6683136,False,중앙도서관,중앙도서관,review_optional_major,2025,1
영남대학교_단과대학별_월별_전기사용량(2024.01~2026.06).xlsx,Sheet1,57,37.0,중앙도서관,2025-02,6788858.0,6683136.0,105722.0,True,ok,6788858,False,중앙도서관,중앙도서관,review_optional_major,2025,2
영남대학교_단과대학별_월별_전기사용량(2024.01~2026.06).xlsx,Sheet1,57,37.0,중앙도서관,2025-03,6891751.0,6788858.0,102893.0,True,ok,6891751,False,중앙도서관,중앙도서관,review_optional_major,2025,3
영남대학교_단과대학별_월별_전기사용량(2024.01~2026.06).xlsx,Sheet1,57,37.0,중앙도서관,2025-04,6984914.0,6891751.0,93163.0,True,ok,6984914,False,중앙도서관,중앙도서관,review_optional_major,2025,4
영남대학교_단과대학별_월별_전기사용량(2024.01~2026.06).xlsx,Sheet1,57,37.0,중앙도서관,2025-05,7071209.0,6984914.0,86295.0,True,ok,7071209,False,중앙도서관,중앙도서관,review_optional_major,2025,5
영남대학교_단과대학별_월별_전기사용량(2024.01~2026.06).xlsx,Sheet1,57,37.0,중앙도서관,2025-06,7167871.0,7071209.0,96662.0,True,ok,7167871,False,중앙도서관,중앙도서관,review_optional_major,2025,6
영남대학교_단과대학별_월별_전기사용량(2024.01~2026.06).xlsx,Sheet1,57,37.0,중앙도서관,2025-07,7262452.0,7167871.0,94581.0,True,ok,7262452,False,중앙도서관,중앙도서관,review_optional_major,2025,7
영남대학교_단과대학별_월별_전기사용량(2024.01~2026.06).xlsx,Sheet1,57,37.0,중앙도서관,2025-08,7355802.0,7262452.0,93350.0,True,ok,7355802,False,중앙도서관,중앙도서관,review_optional_major,2025,8
영남대학교_단과대학별_월별_전기사용량(2024.01~2026.06).xlsx,Sheet1,57,37.0,중앙도서관,2025-09,7460376.0,7355802.0,104574.0,True,ok,7460376,False,중앙도서관,중앙도서관,review_optional_major,2025,9
영남대학교_단과대학별_월별_전기사용량(2024.01~2026.06).xlsx,Sheet1,57,37.0,중앙도서관,2025-10,7549916.0,7460376.0,89540.0,True,ok,7549916,False,중앙도서관,중앙도서관,review_optional_major,2025,10
영남대학교_단과대학별_월별_전기사용량(2024.01~2026.06).xlsx,Sheet1,57,37.0,중앙도서관,2025-11,7646597.0,7549916.0,96681.0,True,ok,7646597,False,중앙도서관,중앙도서관,review_optional_major,2025,11
영남대학교_단과대학별_월별_전기사용량(2024.01~2026.06).xlsx,Sheet1,57,37.0,중앙도서관,2025-12,7769729.0,7646597.0,123132.0,True,ok,7769729,False,중앙도서관,중앙도서관,review_optional_major,2025,12
영남대학교_단과대학별_월별_전기사용량(2024.01~2026.06).xlsx,Sheet1,57,37.0,중앙도서관,2026-01,7900375.0,7769729.0,130646.0,True,ok,7900375,False,중앙도서관,중앙도서관,review_optional_major,2026,1
영남대학교_단과대학별_월별_전기사용량(2024.01~2026.06).xlsx,Sheet1,57,37.0,중앙도서관,2026-02,8002368.0,7900375.0,101993.0,True,ok,8002368,False,중앙도서관,중앙도서관,review_optional_major,2026,2
영남대학교_단과대학별_월별_전기사용량(2024.01~2026.06).xlsx,Sheet1,57,37.0,중앙도서관,2026-03,8112196.0,8002368.0,109828.0,True,ok,8112196,False,중앙도서관,중앙도서관,review_optional_major,2026,3
