date,report_month,year,month,day,selection_tier,building_name_recent,building_name_long_term,usage_kwh_raw,usage_kwh,usage_kwh_clean,usage_kwh_imputed_continuous,cleaning_action,was_imputed_in_clean,is_original_value_reliable,is_validation_target_strict,is_validation_target_clean,is_continuity_only,is_placeholder_zero,is_partial_day,is_known_extreme_outlier,is_suspect_zero,is_auto_high_outlier,replacement_value_kwh,replacement_source_day_count,replacement_mean_kwh,replacement_median_kwh,positive_count,positive_median_kwh,positive_mean_kwh,positive_q1_kwh,positive_q3_kwh,positive_iqr_kwh,mapping_confidence,review_required,duplicate_group,zero_rate_recent,source_file,source_section,source_row_index_1based
2026-06-24,2026-06,2026,6,24,primary_reliable,건축관,공대건축관,371,371.0,1268.3478260869565,1268.3478260869565,partial_day_replaced_by_building_month_mean,True,False,False,False,True,False,True,False,False,False,1268.3478260869565,23,1268.3478260869565,1263.0,23,1263.0,1268.3478260869565,1119.0,1470.5,351.5,high,False,,0.0,"올해 전력사용량 최종취합본(누적, 4~6월).xlsx",6월데이터,128
2026-06-25,2026-06,2026,6,25,primary_reliable,건축관,공대건축관,0,,,1268.3478260869565,missing_placeholder_kept_na,False,False,False,False,True,True,False,False,False,False,1268.3478260869565,23,1268.3478260869565,1263.0,23,1263.0,1268.3478260869565,1119.0,1470.5,351.5,high,False,,0.0,"올해 전력사용량 최종취합본(누적, 4~6월).xlsx",6월데이터,129
2026-06-26,2026-06,2026,6,26,primary_reliable,건축관,공대건축관,0,,,1268.3478260869565,missing_placeholder_kept_na,False,False,False,False,True,True,False,False,False,False,1268.3478260869565,23,1268.3478260869565,1263.0,23,1263.0,1268.3478260869565,1119.0,1470.5,351.5,high,False,,0.0,"올해 전력사용량 최종취합본(누적, 4~6월).xlsx",6월데이터,130
2026-06-27,2026-06,2026,6,27,primary_reliable,건축관,공대건축관,0,,,1268.3478260869565,missing_placeholder_kept_na,False,False,False,False,True,True,False,False,False,False,1268.3478260869565,23,1268.3478260869565,1263.0,23,1263.0,1268.3478260869565,1119.0,1470.5,351.5,high,False,,0.0,"올해 전력사용량 최종취합본(누적, 4~6월).xlsx",6월데이터,131
2026-06-28,2026-06,2026,6,28,primary_reliable,건축관,공대건축관,0,,,1268.3478260869565,missing_placeholder_kept_na,False,False,False,False,True,True,False,False,False,False,1268.3478260869565,23,1268.3478260869565,1263.0,23,1263.0,1268.3478260869565,1119.0,1470.5,351.5,high,False,,0.0,"올해 전력사용량 최종취합본(누적, 4~6월).xlsx",6월데이터,132
2026-06-29,2026-06,2026,6,29,primary_reliable,건축관,공대건축관,0,,,1268.3478260869565,missing_placeholder_kept_na,False,False,False,False,True,True,False,False,False,False,1268.3478260869565,23,1268.3478260869565,1263.0,23,1263.0,1268.3478260869565,1119.0,1470.5,351.5,high,False,,0.0,"올해 전력사용량 최종취합본(누적, 4~6월).xlsx",6월데이터,133
2026-06-30,2026-06,2026,6,30,primary_reliable,건축관,공대건축관,0,,,1268.3478260869565,missing_placeholder_kept_na,False,False,False,False,True,True,False,False,False,False,1268.3478260869565,23,1268.3478260869565,1263.0,23,1263.0,1268.3478260869565,1119.0,1470.5,351.5,high,False,,0.0,"올해 전력사용량 최종취합본(누적, 4~6월).xlsx",6월데이터,134
2026-06-24,2026-06,2026,6,24,primary_reliable,기계관,공대기계관,998,998.0,2344.7391304347825,2344.7391304347825,partial_day_replaced_by_building_month_mean,True,False,False,False,True,False,True,False,False,False,2344.7391304347825,23,2344.7391304347825,2357.0,23,2357.0,2344.7391304347825,1768.0,2754.5,986.5,high,False,,0.0,"올해 전력사용량 최종취합본(누적, 4~6월).xlsx",6월데이터,128
2026-06-25,2026-06,2026,6,25,primary_reliable,기계관,공대기계관,0,,,2344.7391304347825,missing_placeholder_kept_na,False,False,False,False,True,True,False,False,False,False,2344.7391304347825,23,2344.7391304347825,2357.0,23,2357.0,2344.7391304347825,1768.0,2754.5,986.5,high,False,,0.0,"올해 전력사용량 최종취합본(누적, 4~6월).xlsx",6월데이터,129
2026-06-26,2026-06,2026,6,26,primary_reliable,기계관,공대기계관,0,,,2344.7391304347825,missing_placeholder_kept_na,False,False,False,False,True,True,False,False,False,False,2344.7391304347825,23,2344.7391304347825,2357.0,23,2357.0,2344.7391304347825,1768.0,2754.5,986.5,high,False,,0.0,"올해 전력사용량 최종취합본(누적, 4~6월).xlsx",6월데이터,130
2026-06-27,2026-06,2026,6,27,primary_reliable,기계관,공대기계관,0,,,2344.7391304347825,missing_placeholder_kept_na,False,False,False,False,True,True,False,False,False,False,2344.7391304347825,23,2344.7391304347825,2357.0,23,2357.0,2344.7391304347825,1768.0,2754.5,986.5,high,False,,0.0,"올해 전력사용량 최종취합본(누적, 4~6월).xlsx",6월데이터,131
2026-06-28,2026-06,2026,6,28,primary_reliable,기계관,공대기계관,0,,,2344.7391304347825,missing_placeholder_kept_na,False,False,False,False,True,True,False,False,False,False,2344.7391304347825,23,2344.7391304347825,2357.0,23,2357.0,2344.7391304347825,1768.0,2754.5,986.5,high,False,,0.0,"올해 전력사용량 최종취합본(누적, 4~6월).xlsx",6월데이터,132
2026-06-29,2026-06,2026,6,29,primary_reliable,기계관,공대기계관,0,,,2344.7391304347825,missing_placeholder_kept_na,False,False,False,False,True,True,False,False,False,False,2344.7391304347825,23,2344.7391304347825,2357.0,23,2357.0,2344.7391304347825,1768.0,2754.5,986.5,high,False,,0.0,"올해 전력사용량 최종취합본(누적, 4~6월).xlsx",6월데이터,133
2026-06-30,2026-06,2026,6,30,primary_reliable,기계관,공대기계관,0,,,2344.7391304347825,missing_placeholder_kept_na,False,False,False,False,True,True,False,False,False,False,2344.7391304347825,23,2344.7391304347825,2357.0,23,2357.0,2344.7391304347825,1768.0,2754.5,986.5,high,False,,0.0,"올해 전력사용량 최종취합본(누적, 4~6월).xlsx",6월데이터,134
2026-06-24,2026-06,2026,6,24,primary_reliable,박물관,박물관,463,463.0,704.5217391304348,704.5217391304348,partial_day_replaced_by_building_month_mean,True,False,False,False,True,False,True,False,False,False,704.5217391304348,23,704.5217391304348,736.0,23,736.0,704.5217391304348,660.0,788.5,128.5,high,False,,0.0,"올해 전력사용량 최종취합본(누적, 4~6월).xlsx",6월데이터,128
2026-06-25,2026-06,2026,6,25,primary_reliable,박물관,박물관,0,,,704.5217391304348,missing_placeholder_kept_na,False,False,False,False,True,True,False,False,False,False,704.5217391304348,23,704.5217391304348,736.0,23,736.0,704.5217391304348,660.0,788.5,128.5,high,False,,0.0,"올해 전력사용량 최종취합본(누적, 4~6월).xlsx",6월데이터,129
2026-06-26,2026-06,2026,6,26,primary_reliable,박물관,박물관,0,,,704.5217391304348,missing_placeholder_kept_na,False,False,False,False,True,True,False,False,False,False,704.5217391304348,23,704.5217391304348,736.0,23,736.0,704.5217391304348,660.0,788.5,128.5,high,False,,0.0,"올해 전력사용량 최종취합본(누적, 4~6월).xlsx",6월데이터,130
2026-06-27,2026-06,2026,6,27,primary_reliable,박물관,박물관,0,,,704.5217391304348,missing_placeholder_kept_na,False,False,False,False,True,True,False,False,False,False,704.5217391304348,23,704.5217391304348,736.0,23,736.0,704.5217391304348,660.0,788.5,128.5,high,False,,0.0,"올해 전력사용량 최종취합본(누적, 4~6월).xlsx",6월데이터,131
2026-06-28,2026-06,2026,6,28,primary_reliable,박물관,박물관,0,,,704.5217391304348,missing_placeholder_kept_na,False,False,False,False,True,True,False,False,False,False,704.5217391304348,23,704.5217391304348,736.0,23,736.0,704.5217391304348,660.0,788.5,128.5,high,False,,0.0,"올해 전력사용량 최종취합본(누적, 4~6월).xlsx",6월데이터,132
2026-06-29,2026-06,2026,6,29,primary_reliable,박물관,박물관,0,,,704.5217391304348,missing_placeholder_kept_na,False,False,False,False,True,True,False,False,False,False,704.5217391304348,23,704.5217391304348,736.0,23,736.0,704.5217391304348,660.0,788.5,128.5,high,False,,0.0,"올해 전력사용량 최종취합본(누적, 4~6월).xlsx",6월데이터,133
2026-06-30,2026-06,2026,6,30,primary_reliable,박물관,박물관,0,,,704.5217391304348,missing_placeholder_kept_na,False,False,False,False,True,True,False,False,False,False,704.5217391304348,23,704.5217391304348,736.0,23,736.0,704.5217391304348,660.0,788.5,128.5,high,False,,0.0,"올해 전력사용량 최종취합본(누적, 4~6월).xlsx",6월데이터,134
2026-06-24,2026-06,2026,6,24,primary_reliable,사범대학,사범대학,424,424.0,1018.2608695652174,1018.2608695652174,partial_day_replaced_by_building_month_mean,True,False,False,False,True,False,True,False,False,False,1018.2608695652174,23,1018.2608695652174,1122.0,23,1122.0,1018.2608695652174,820.5,1186.5,366.0,high,False,,0.0,"올해 전력사용량 최종취합본(누적, 4~6월).xlsx",6월데이터,128
2026-06-25,2026-06,2026,6,25,primary_reliable,사범대학,사범대학,0,,,1018.2608695652174,missing_placeholder_kept_na,False,False,False,False,True,True,False,False,False,False,1018.2608695652174,23,1018.2608695652174,1122.0,23,1122.0,1018.2608695652174,820.5,1186.5,366.0,high,False,,0.0,"올해 전력사용량 최종취합본(누적, 4~6월).xlsx",6월데이터,129
2026-06-26,2026-06,2026,6,26,primary_reliable,사범대학,사범대학,0,,,1018.2608695652174,missing_placeholder_kept_na,False,False,False,False,True,True,False,False,False,False,1018.2608695652174,23,1018.2608695652174,1122.0,23,1122.0,1018.2608695652174,820.5,1186.5,366.0,high,False,,0.0,"올해 전력사용량 최종취합본(누적, 4~6월).xlsx",6월데이터,130
2026-06-27,2026-06,2026,6,27,primary_reliable,사범대학,사범대학,0,,,1018.2608695652174,missing_placeholder_kept_na,False,False,False,False,True,True,False,False,False,False,1018.2608695652174,23,1018.2608695652174,1122.0,23,1122.0,1018.2608695652174,820.5,1186.5,366.0,high,False,,0.0,"올해 전력사용량 최종취합본(누적, 4~6월).xlsx",6월데이터,131
2026-06-28,2026-06,2026,6,28,primary_reliable,사범대학,사범대학,0,,,1018.2608695652174,missing_placeholder_kept_na,False,False,False,False,True,True,False,False,False,False,1018.2608695652174,23,1018.2608695652174,1122.0,23,1122.0,1018.2608695652174,820.5,1186.5,366.0,high,False,,0.0,"올해 전력사용량 최종취합본(누적, 4~6월).xlsx",6월데이터,132
2026-06-29,2026-06,2026,6,29,primary_reliable,사범대학,사범대학,0,,,1018.2608695652174,missing_placeholder_kept_na,False,False,False,False,True,True,False,False,False,False,1018.2608695652174,23,1018.2608695652174,1122.0,23,1122.0,1018.2608695652174,820.5,1186.5,366.0,high,False,,0.0,"올해 전력사용량 최종취합본(누적, 4~6월).xlsx",6월데이터,133
2026-06-30,2026-06,2026,6,30,primary_reliable,사범대학,사범대학,0,,,1018.2608695652174,missing_placeholder_kept_na,False,False,False,False,True,True,False,False,False,False,1018.2608695652174,23,1018.2608695652174,1122.0,23,1122.0,1018.2608695652174,820.5,1186.5,366.0,high,False,,0.0,"올해 전력사용량 최종취합본(누적, 4~6월).xlsx",6월데이터,134
2026-06-24,2026-06,2026,6,24,primary_reliable,상경관,상경관,893,893.0,2446.782608695652,2446.782608695652,partial_day_replaced_by_building_month_mean,True,False,False,False,True,False,True,False,False,False,2446.782608695652,23,2446.782608695652,2563.0,23,2563.0,2446.782608695652,1663.5,3125.5,1462.0,high,False,,0.0,"올해 전력사용량 최종취합본(누적, 4~6월).xlsx",6월데이터,128
2026-06-25,2026-06,2026,6,25,primary_reliable,상경관,상경관,0,,,2446.782608695652,missing_placeholder_kept_na,False,False,False,False,True,True,False,False,False,False,2446.782608695652,23,2446.782608695652,2563.0,23,2563.0,2446.782608695652,1663.5,3125.5,1462.0,high,False,,0.0,"올해 전력사용량 최종취합본(누적, 4~6월).xlsx",6월데이터,129
2026-06-26,2026-06,2026,6,26,primary_reliable,상경관,상경관,0,,,2446.782608695652,missing_placeholder_kept_na,False,False,False,False,True,True,False,False,False,False,2446.782608695652,23,2446.782608695652,2563.0,23,2563.0,2446.782608695652,1663.5,3125.5,1462.0,high,False,,0.0,"올해 전력사용량 최종취합본(누적, 4~6월).xlsx",6월데이터,130
2026-06-27,2026-06,2026,6,27,primary_reliable,상경관,상경관,0,,,2446.782608695652,missing_placeholder_kept_na,False,False,False,False,True,True,False,False,False,False,2446.782608695652,23,2446.782608695652,2563.0,23,2563.0,2446.782608695652,1663.5,3125.5,1462.0,high,False,,0.0,"올해 전력사용량 최종취합본(누적, 4~6월).xlsx",6월데이터,131
2026-06-28,2026-06,2026,6,28,primary_reliable,상경관,상경관,0,,,2446.782608695652,missing_placeholder_kept_na,False,False,False,False,True,True,False,False,False,False,2446.782608695652,23,2446.782608695652,2563.0,23,2563.0,2446.782608695652,1663.5,3125.5,1462.0,high,False,,0.0,"올해 전력사용량 최종취합본(누적, 4~6월).xlsx",6월데이터,132
2026-06-29,2026-06,2026,6,29,primary_reliable,상경관,상경관,0,,,2446.782608695652,missing_placeholder_kept_na,False,False,False,False,True,True,False,False,False,False,2446.782608695652,23,2446.782608695652,2563.0,23,2563.0,2446.782608695652,1663.5,3125.5,1462.0,high,False,,0.0,"올해 전력사용량 최종취합본(누적, 4~6월).xlsx",6월데이터,133
2026-06-30,2026-06,2026,6,30,primary_reliable,상경관,상경관,0,,,2446.782608695652,missing_placeholder_kept_na,False,False,False,False,True,True,False,False,False,False,2446.782608695652,23,2446.782608695652,2563.0,23,2563.0,2446.782608695652,1663.5,3125.5,1462.0,high,False,,0.0,"올해 전력사용량 최종취합본(누적, 4~6월).xlsx",6월데이터,134
2026-06-24,2026-06,2026,6,24,primary_reliable,생활과학대,생활과학대학,576,576.0,1256.9130434782608,1256.9130434782608,partial_day_replaced_by_building_month_mean,True,False,False,False,True,False,True,False,False,False,1256.9130434782608,23,1256.9130434782608,1257.0,23,1257.0,1256.9130434782608,1040.0,1502.5,462.5,high,False,,0.0,"올해 전력사용량 최종취합본(누적, 4~6월).xlsx",6월데이터,128
2026-06-25,2026-06,2026,6,25,primary_reliable,생활과학대,생활과학대학,0,,,1256.9130434782608,missing_placeholder_kept_na,False,False,False,False,True,True,False,False,False,False,1256.9130434782608,23,1256.9130434782608,1257.0,23,1257.0,1256.9130434782608,1040.0,1502.5,462.5,high,False,,0.0,"올해 전력사용량 최종취합본(누적, 4~6월).xlsx",6월데이터,129
2026-06-26,2026-06,2026,6,26,primary_reliable,생활과학대,생활과학대학,0,,,1256.9130434782608,missing_placeholder_kept_na,False,False,False,False,True,True,False,False,False,False,1256.9130434782608,23,1256.9130434782608,1257.0,23,1257.0,1256.9130434782608,1040.0,1502.5,462.5,high,False,,0.0,"올해 전력사용량 최종취합본(누적, 4~6월).xlsx",6월데이터,130
2026-06-27,2026-06,2026,6,27,primary_reliable,생활과학대,생활과학대학,0,,,1256.9130434782608,missing_placeholder_kept_na,False,False,False,False,True,True,False,False,False,False,1256.9130434782608,23,1256.9130434782608,1257.0,23,1257.0,1256.9130434782608,1040.0,1502.5,462.5,high,False,,0.0,"올해 전력사용량 최종취합본(누적, 4~6월).xlsx",6월데이터,131
2026-06-28,2026-06,2026,6,28,primary_reliable,생활과학대,생활과학대학,0,,,1256.9130434782608,missing_placeholder_kept_na,False,False,False,False,True,True,False,False,False,False,1256.9130434782608,23,1256.9130434782608,1257.0,23,1257.0,1256.9130434782608,1040.0,1502.5,462.5,high,False,,0.0,"올해 전력사용량 최종취합본(누적, 4~6월).xlsx",6월데이터,132
2026-06-29,2026-06,2026,6,29,primary_reliable,생활과학대,생활과학대학,0,,,1256.9130434782608,missing_placeholder_kept_na,False,False,False,False,True,True,False,False,False,False,1256.9130434782608,23,1256.9130434782608,1257.0,23,1257.0,1256.9130434782608,1040.0,1502.5,462.5,high,False,,0.0,"올해 전력사용량 최종취합본(누적, 4~6월).xlsx",6월데이터,133
2026-06-30,2026-06,2026,6,30,primary_reliable,생활과학대,생활과학대학,0,,,1256.9130434782608,missing_placeholder_kept_na,False,False,False,False,True,True,False,False,False,False,1256.9130434782608,23,1256.9130434782608,1257.0,23,1257.0,1256.9130434782608,1040.0,1502.5,462.5,high,False,,0.0,"올해 전력사용량 최종취합본(누적, 4~6월).xlsx",6월데이터,134
2026-06-24,2026-06,2026,6,24,primary_reliable,섬유관,공대섬유관,651,651.0,1131.391304347826,1131.391304347826,partial_day_replaced_by_building_month_mean,True,False,False,False,True,False,True,False,False,False,1131.391304347826,23,1131.391304347826,1210.0,23,1210.0,1131.391304347826,920.5,1297.5,377.0,high,False,,0.0,"올해 전력사용량 최종취합본(누적, 4~6월).xlsx",6월데이터,128
2026-06-25,2026-06,2026,6,25,primary_reliable,섬유관,공대섬유관,0,,,1131.391304347826,missing_placeholder_kept_na,False,False,False,False,True,True,False,False,False,False,1131.391304347826,23,1131.391304347826,1210.0,23,1210.0,1131.391304347826,920.5,1297.5,377.0,high,False,,0.0,"올해 전력사용량 최종취합본(누적, 4~6월).xlsx",6월데이터,129
2026-06-26,2026-06,2026,6,26,primary_reliable,섬유관,공대섬유관,0,,,1131.391304347826,missing_placeholder_kept_na,False,False,False,False,True,True,False,False,False,False,1131.391304347826,23,1131.391304347826,1210.0,23,1210.0,1131.391304347826,920.5,1297.5,377.0,high,False,,0.0,"올해 전력사용량 최종취합본(누적, 4~6월).xlsx",6월데이터,130
2026-06-27,2026-06,2026,6,27,primary_reliable,섬유관,공대섬유관,0,,,1131.391304347826,missing_placeholder_kept_na,False,False,False,False,True,True,False,False,False,False,1131.391304347826,23,1131.391304347826,1210.0,23,1210.0,1131.391304347826,920.5,1297.5,377.0,high,False,,0.0,"올해 전력사용량 최종취합본(누적, 4~6월).xlsx",6월데이터,131
2026-06-28,2026-06,2026,6,28,primary_reliable,섬유관,공대섬유관,0,,,1131.391304347826,missing_placeholder_kept_na,False,False,False,False,True,True,False,False,False,False,1131.391304347826,23,1131.391304347826,1210.0,23,1210.0,1131.391304347826,920.5,1297.5,377.0,high,False,,0.0,"올해 전력사용량 최종취합본(누적, 4~6월).xlsx",6월데이터,132
2026-06-29,2026-06,2026,6,29,primary_reliable,섬유관,공대섬유관,0,,,1131.391304347826,missing_placeholder_kept_na,False,False,False,False,True,True,False,False,False,False,1131.391304347826,23,1131.391304347826,1210.0,23,1210.0,1131.391304347826,920.5,1297.5,377.0,high,False,,0.0,"올해 전력사용량 최종취합본(누적, 4~6월).xlsx",6월데이터,133
2026-06-30,2026-06,2026,6,30,primary_reliable,섬유관,공대섬유관,0,,,1131.391304347826,missing_placeholder_kept_na,False,False,False,False,True,True,False,False,False,False,1131.391304347826,23,1131.391304347826,1210.0,23,1210.0,1131.391304347826,920.5,1297.5,377.0,high,False,,0.0,"올해 전력사용량 최종취합본(누적, 4~6월).xlsx",6월데이터,134
2026-06-24,2026-06,2026,6,24,primary_reliable,외국어교육원,외국어교육원,192,192.0,430.4782608695652,430.4782608695652,partial_day_replaced_by_building_month_mean,True,False,False,False,True,False,True,False,False,False,430.4782608695652,23,430.4782608695652,508.0,23,508.0,430.4782608695652,279.0,532.0,253.0,high,False,,0.0,"올해 전력사용량 최종취합본(누적, 4~6월).xlsx",6월데이터,128
2026-06-25,2026-06,2026,6,25,primary_reliable,외국어교육원,외국어교육원,0,,,430.4782608695652,missing_placeholder_kept_na,False,False,False,False,True,True,False,False,False,False,430.4782608695652,23,430.4782608695652,508.0,23,508.0,430.4782608695652,279.0,532.0,253.0,high,False,,0.0,"올해 전력사용량 최종취합본(누적, 4~6월).xlsx",6월데이터,129
2026-06-26,2026-06,2026,6,26,primary_reliable,외국어교육원,외국어교육원,0,,,430.4782608695652,missing_placeholder_kept_na,False,False,False,False,True,True,False,False,False,False,430.4782608695652,23,430.4782608695652,508.0,23,508.0,430.4782608695652,279.0,532.0,253.0,high,False,,0.0,"올해 전력사용량 최종취합본(누적, 4~6월).xlsx",6월데이터,130
2026-06-27,2026-06,2026,6,27,primary_reliable,외국어교육원,외국어교육원,0,,,430.4782608695652,missing_placeholder_kept_na,False,False,False,False,True,True,False,False,False,False,430.4782608695652,23,430.4782608695652,508.0,23,508.0,430.4782608695652,279.0,532.0,253.0,high,False,,0.0,"올해 전력사용량 최종취합본(누적, 4~6월).xlsx",6월데이터,131
2026-06-28,2026-06,2026,6,28,primary_reliable,외국어교육원,외국어교육원,0,,,430.4782608695652,missing_placeholder_kept_na,False,False,False,False,True,True,False,False,False,False,430.4782608695652,23,430.4782608695652,508.0,23,508.0,430.4782608695652,279.0,532.0,253.0,high,False,,0.0,"올해 전력사용량 최종취합본(누적, 4~6월).xlsx",6월데이터,132
2026-06-29,2026-06,2026,6,29,primary_reliable,외국어교육원,외국어교육원,0,,,430.4782608695652,missing_placeholder_kept_na,False,False,False,False,True,True,False,False,False,False,430.4782608695652,23,430.4782608695652,508.0,23,508.0,430.4782608695652,279.0,532.0,253.0,high,False,,0.0,"올해 전력사용량 최종취합본(누적, 4~6월).xlsx",6월데이터,133
2026-06-30,2026-06,2026,6,30,primary_reliable,외국어교육원,외국어교육원,0,,,430.4782608695652,missing_placeholder_kept_na,False,False,False,False,True,True,False,False,False,False,430.4782608695652,23,430.4782608695652,508.0,23,508.0,430.4782608695652,279.0,532.0,253.0,high,False,,0.0,"올해 전력사용량 최종취합본(누적, 4~6월).xlsx",6월데이터,134
2026-06-24,2026-06,2026,6,24,primary_reliable,음대,음악대학,240,240.0,600.4347826086956,600.4347826086956,partial_day_replaced_by_building_month_mean,True,False,False,False,True,False,True,False,False,False,600.4347826086956,23,600.4347826086956,646.0,23,646.0,600.4347826086956,504.0,670.5,166.5,high,False,,0.0,"올해 전력사용량 최종취합본(누적, 4~6월).xlsx",6월데이터,128
2026-06-25,2026-06,2026,6,25,primary_reliable,음대,음악대학,0,,,600.4347826086956,missing_placeholder_kept_na,False,False,False,False,True,True,False,False,False,False,600.4347826086956,23,600.4347826086956,646.0,23,646.0,600.4347826086956,504.0,670.5,166.5,high,False,,0.0,"올해 전력사용량 최종취합본(누적, 4~6월).xlsx",6월데이터,129
2026-06-26,2026-06,2026,6,26,primary_reliable,음대,음악대학,0,,,600.4347826086956,missing_placeholder_kept_na,False,False,False,False,True,True,False,False,False,False,600.4347826086956,23,600.4347826086956,646.0,23,646.0,600.4347826086956,504.0,670.5,166.5,high,False,,0.0,"올해 전력사용량 최종취합본(누적, 4~6월).xlsx",6월데이터,130
2026-06-27,2026-06,2026,6,27,primary_reliable,음대,음악대학,0,,,600.4347826086956,missing_placeholder_kept_na,False,False,False,False,True,True,False,False,False,False,600.4347826086956,23,600.4347826086956,646.0,23,646.0,600.4347826086956,504.0,670.5,166.5,high,False,,0.0,"올해 전력사용량 최종취합본(누적, 4~6월).xlsx",6월데이터,131
2026-06-28,2026-06,2026,6,28,primary_reliable,음대,음악대학,0,,,600.4347826086956,missing_placeholder_kept_na,False,False,False,False,True,True,False,False,False,False,600.4347826086956,23,600.4347826086956,646.0,23,646.0,600.4347826086956,504.0,670.5,166.5,high,False,,0.0,"올해 전력사용량 최종취합본(누적, 4~6월).xlsx",6월데이터,132
2026-06-29,2026-06,2026,6,29,primary_reliable,음대,음악대학,0,,,600.4347826086956,missing_placeholder_kept_na,False,False,False,False,True,True,False,False,False,False,600.4347826086956,23,600.4347826086956,646.0,23,646.0,600.4347826086956,504.0,670.5,166.5,high,False,,0.0,"올해 전력사용량 최종취합본(누적, 4~6월).xlsx",6월데이터,133
2026-06-30,2026-06,2026,6,30,primary_reliable,음대,음악대학,0,,,600.4347826086956,missing_placeholder_kept_na,False,False,False,False,True,True,False,False,False,False,600.4347826086956,23,600.4347826086956,646.0,23,646.0,600.4347826086956,504.0,670.5,166.5,high,False,,0.0,"올해 전력사용량 최종취합본(누적, 4~6월).xlsx",6월데이터,134
2026-06-24,2026-06,2026,6,24,primary_reliable,인문계식당,인문계식당,342,342.0,495.30434782608694,495.30434782608694,partial_day_replaced_by_building_month_mean,True,False,False,False,True,False,True,False,False,False,495.30434782608694,23,495.30434782608694,577.0,23,577.0,495.30434782608694,217.0,617.0,400.0,high,False,,0.0,"올해 전력사용량 최종취합본(누적, 4~6월).xlsx",6월데이터,128
2026-06-25,2026-06,2026,6,25,primary_reliable,인문계식당,인문계식당,0,,,495.30434782608694,missing_placeholder_kept_na,False,False,False,False,True,True,False,False,False,False,495.30434782608694,23,495.30434782608694,577.0,23,577.0,495.30434782608694,217.0,617.0,400.0,high,False,,0.0,"올해 전력사용량 최종취합본(누적, 4~6월).xlsx",6월데이터,129
2026-06-26,2026-06,2026,6,26,primary_reliable,인문계식당,인문계식당,0,,,495.30434782608694,missing_placeholder_kept_na,False,False,False,False,True,True,False,False,False,False,495.30434782608694,23,495.30434782608694,577.0,23,577.0,495.30434782608694,217.0,617.0,400.0,high,False,,0.0,"올해 전력사용량 최종취합본(누적, 4~6월).xlsx",6월데이터,130
2026-06-27,2026-06,2026,6,27,primary_reliable,인문계식당,인문계식당,0,,,495.30434782608694,missing_placeholder_kept_na,False,False,False,False,True,True,False,False,False,False,495.30434782608694,23,495.30434782608694,577.0,23,577.0,495.30434782608694,217.0,617.0,400.0,high,False,,0.0,"올해 전력사용량 최종취합본(누적, 4~6월).xlsx",6월데이터,131
2026-06-28,2026-06,2026,6,28,primary_reliable,인문계식당,인문계식당,0,,,495.30434782608694,missing_placeholder_kept_na,False,False,False,False,True,True,False,False,False,False,495.30434782608694,23,495.30434782608694,577.0,23,577.0,495.30434782608694,217.0,617.0,400.0,high,False,,0.0,"올해 전력사용량 최종취합본(누적, 4~6월).xlsx",6월데이터,132
2026-06-29,2026-06,2026,6,29,primary_reliable,인문계식당,인문계식당,0,,,495.30434782608694,missing_placeholder_kept_na,False,False,False,False,True,True,False,False,False,False,495.30434782608694,23,495.30434782608694,577.0,23,577.0,495.30434782608694,217.0,617.0,400.0,high,False,,0.0,"올해 전력사용량 최종취합본(누적, 4~6월).xlsx",6월데이터,133
2026-06-30,2026-06,2026,6,30,primary_reliable,인문계식당,인문계식당,0,,,495.30434782608694,missing_placeholder_kept_na,False,False,False,False,True,True,False,False,False,False,495.30434782608694,23,495.30434782608694,577.0,23,577.0,495.30434782608694,217.0,617.0,400.0,high,False,,0.0,"올해 전력사용량 최종취합본(누적, 4~6월).xlsx",6월데이터,134
2026-04-22,2026-04,2026,4,22,primary_reliable,전기관,공대전기관,0,0.0,1185.4444444444443,1185.4444444444443,suspect_zero_replaced_by_building_month_mean,True,False,False,True,False,False,False,False,True,False,1185.4444444444443,27,1185.4444444444443,1236.0,28,1248.5,1292.0,1066.0,1354.25,288.25,high,False,,0.05952380952380952,"올해 전력사용량 최종취합본(누적, 4~6월).xlsx",4월데이터,58
2026-04-23,2026-04,2026,4,23,primary_reliable,전기관,공대전기관,0,0.0,1185.4444444444443,1185.4444444444443,suspect_zero_replaced_by_building_month_mean,True,False,False,True,False,False,False,False,True,False,1185.4444444444443,27,1185.4444444444443,1236.0,28,1248.5,1292.0,1066.0,1354.25,288.25,high,False,,0.05952380952380952,"올해 전력사용량 최종취합본(누적, 4~6월).xlsx",4월데이터,59
2026-04-24,2026-04,2026,4,24,primary_reliable,전기관,공대전기관,4169,4169.0,1185.4444444444443,1185.4444444444443,auto_high_spike_replaced_by_building_month_mean,True,False,False,True,False,False,False,False,False,True,1185.4444444444443,27,1185.4444444444443,1236.0,28,1248.5,1292.0,1066.0,1354.25,288.25,high,False,,0.05952380952380952,"올해 전력사용량 최종취합본(누적, 4~6월).xlsx",4월데이터,60
2026-06-07,2026-06,2026,6,7,primary_reliable,전기관,공대전기관,0,0.0,1112.0,1112.0,suspect_zero_replaced_by_building_month_mean,True,False,False,True,False,False,False,False,True,False,1112.0,19,1112.0,1212.0,20,1227.5,1332.95,986.75,1344.75,358.0,high,False,,0.05952380952380952,"올해 전력사용량 최종취합본(누적, 4~6월).xlsx",6월데이터,111
2026-06-08,2026-06,2026,6,8,primary_reliable,전기관,공대전기관,0,0.0,1112.0,1112.0,suspect_zero_replaced_by_building_month_mean,True,False,False,True,False,False,False,False,True,False,1112.0,19,1112.0,1212.0,20,1227.5,1332.95,986.75,1344.75,358.0,high,False,,0.05952380952380952,"올해 전력사용량 최종취합본(누적, 4~6월).xlsx",6월데이터,112
2026-06-09,2026-06,2026,6,9,primary_reliable,전기관,공대전기관,0,0.0,1112.0,1112.0,suspect_zero_replaced_by_building_month_mean,True,False,False,True,False,False,False,False,True,False,1112.0,19,1112.0,1212.0,20,1227.5,1332.95,986.75,1344.75,358.0,high,False,,0.05952380952380952,"올해 전력사용량 최종취합본(누적, 4~6월).xlsx",6월데이터,113
2026-06-10,2026-06,2026,6,10,primary_reliable,전기관,공대전기관,5531,5531.0,1112.0,1112.0,auto_high_spike_replaced_by_building_month_mean,True,False,False,True,False,False,False,False,False,True,1112.0,19,1112.0,1212.0,20,1227.5,1332.95,986.75,1344.75,358.0,high,False,,0.05952380952380952,"올해 전력사용량 최종취합본(누적, 4~6월).xlsx",6월데이터,114
2026-06-24,2026-06,2026,6,24,primary_reliable,전기관,공대전기관,550,550.0,1112.0,1112.0,partial_day_replaced_by_building_month_mean,True,False,False,False,True,False,True,False,False,False,1112.0,19,1112.0,1212.0,20,1227.5,1332.95,986.75,1344.75,358.0,high,False,,0.05952380952380952,"올해 전력사용량 최종취합본(누적, 4~6월).xlsx",6월데이터,128
2026-06-25,2026-06,2026,6,25,primary_reliable,전기관,공대전기관,0,,,1112.0,missing_placeholder_kept_na,False,False,False,False,True,True,False,False,False,False,1112.0,19,1112.0,1212.0,20,1227.5,1332.95,986.75,1344.75,358.0,high,False,,0.05952380952380952,"올해 전력사용량 최종취합본(누적, 4~6월).xlsx",6월데이터,129
2026-06-26,2026-06,2026,6,26,primary_reliable,전기관,공대전기관,0,,,1112.0,missing_placeholder_kept_na,False,False,False,False,True,True,False,False,False,False,1112.0,19,1112.0,1212.0,20,1227.5,1332.95,986.75,1344.75,358.0,high,False,,0.05952380952380952,"올해 전력사용량 최종취합본(누적, 4~6월).xlsx",6월데이터,130
2026-06-27,2026-06,2026,6,27,primary_reliable,전기관,공대전기관,0,,,1112.0,missing_placeholder_kept_na,False,False,False,False,True,True,False,False,False,False,1112.0,19,1112.0,1212.0,20,1227.5,1332.95,986.75,1344.75,358.0,high,False,,0.05952380952380952,"올해 전력사용량 최종취합본(누적, 4~6월).xlsx",6월데이터,131
2026-06-28,2026-06,2026,6,28,primary_reliable,전기관,공대전기관,0,,,1112.0,missing_placeholder_kept_na,False,False,False,False,True,True,False,False,False,False,1112.0,19,1112.0,1212.0,20,1227.5,1332.95,986.75,1344.75,358.0,high,False,,0.05952380952380952,"올해 전력사용량 최종취합본(누적, 4~6월).xlsx",6월데이터,132
2026-06-29,2026-06,2026,6,29,primary_reliable,전기관,공대전기관,0,,,1112.0,missing_placeholder_kept_na,False,False,False,False,True,True,False,False,False,False,1112.0,19,1112.0,1212.0,20,1227.5,1332.95,986.75,1344.75,358.0,high,False,,0.05952380952380952,"올해 전력사용량 최종취합본(누적, 4~6월).xlsx",6월데이터,133
2026-06-30,2026-06,2026,6,30,primary_reliable,전기관,공대전기관,0,,,1112.0,missing_placeholder_kept_na,False,False,False,False,True,True,False,False,False,False,1112.0,19,1112.0,1212.0,20,1227.5,1332.95,986.75,1344.75,358.0,high,False,,0.05952380952380952,"올해 전력사용량 최종취합본(누적, 4~6월).xlsx",6월데이터,134
2026-06-24,2026-06,2026,6,24,primary_reliable,제1공장형실습장,자동차관(구:제1공장형실습장),410,410.0,896.304347826087,896.304347826087,partial_day_replaced_by_building_month_mean,True,False,False,False,True,False,True,False,False,False,896.304347826087,23,896.304347826087,933.0,23,933.0,896.304347826087,789.0,984.5,195.5,high,False,,0.0,"올해 전력사용량 최종취합본(누적, 4~6월).xlsx",6월데이터,128
2026-06-25,2026-06,2026,6,25,primary_reliable,제1공장형실습장,자동차관(구:제1공장형실습장),0,,,896.304347826087,missing_placeholder_kept_na,False,False,False,False,True,True,False,False,False,False,896.304347826087,23,896.304347826087,933.0,23,933.0,896.304347826087,789.0,984.5,195.5,high,False,,0.0,"올해 전력사용량 최종취합본(누적, 4~6월).xlsx",6월데이터,129
2026-06-26,2026-06,2026,6,26,primary_reliable,제1공장형실습장,자동차관(구:제1공장형실습장),0,,,896.304347826087,missing_placeholder_kept_na,False,False,False,False,True,True,False,False,False,False,896.304347826087,23,896.304347826087,933.0,23,933.0,896.304347826087,789.0,984.5,195.5,high,False,,0.0,"올해 전력사용량 최종취합본(누적, 4~6월).xlsx",6월데이터,130
2026-06-27,2026-06,2026,6,27,primary_reliable,제1공장형실습장,자동차관(구:제1공장형실습장),0,,,896.304347826087,missing_placeholder_kept_na,False,False,False,False,True,True,False,False,False,False,896.304347826087,23,896.304347826087,933.0,23,933.0,896.304347826087,789.0,984.5,195.5,high,False,,0.0,"올해 전력사용량 최종취합본(누적, 4~6월).xlsx",6월데이터,131
2026-06-28,2026-06,2026,6,28,primary_reliable,제1공장형실습장,자동차관(구:제1공장형실습장),0,,,896.304347826087,missing_placeholder_kept_na,False,False,False,False,True,True,False,False,False,False,896.304347826087,23,896.304347826087,933.0,23,933.0,896.304347826087,789.0,984.5,195.5,high,False,,0.0,"올해 전력사용량 최종취합본(누적, 4~6월).xlsx",6월데이터,132
2026-06-29,2026-06,2026,6,29,primary_reliable,제1공장형실습장,자동차관(구:제1공장형실습장),0,,,896.304347826087,missing_placeholder_kept_na,False,False,False,False,True,True,False,False,False,False,896.304347826087,23,896.304347826087,933.0,23,933.0,896.304347826087,789.0,984.5,195.5,high,False,,0.0,"올해 전력사용량 최종취합본(누적, 4~6월).xlsx",6월데이터,133
2026-06-30,2026-06,2026,6,30,primary_reliable,제1공장형실습장,자동차관(구:제1공장형실습장),0,,,896.304347826087,missing_placeholder_kept_na,False,False,False,False,True,True,False,False,False,False,896.304347826087,23,896.304347826087,933.0,23,933.0,896.304347826087,789.0,984.5,195.5,high,False,,0.0,"올해 전력사용량 최종취합본(누적, 4~6월).xlsx",6월데이터,134
2026-04-01,2026-04,2026,4,1,primary_reliable,제1과학관,제1과학관,0,0.0,2632.4583333333335,2632.4583333333335,suspect_zero_replaced_by_building_month_mean,True,False,False,True,False,False,False,False,True,False,2632.4583333333335,24,2632.4583333333335,2712.5,25,2740.0,3284.04,2339.0,2863.0,524.0,high,False,,0.05952380952380952,"올해 전력사용량 최종취합본(누적, 4~6월).xlsx",4월데이터,37
2026-04-02,2026-04,2026,4,2,primary_reliable,제1과학관,제1과학관,0,0.0,2632.4583333333335,2632.4583333333335,suspect_zero_replaced_by_building_month_mean,True,False,False,True,False,False,False,False,True,False,2632.4583333333335,24,2632.4583333333335,2712.5,25,2740.0,3284.04,2339.0,2863.0,524.0,high,False,,0.05952380952380952,"올해 전력사용량 최종취합본(누적, 4~6월).xlsx",4월데이터,38
2026-04-03,2026-04,2026,4,3,primary_reliable,제1과학관,제1과학관,0,0.0,2632.4583333333335,2632.4583333333335,suspect_zero_replaced_by_building_month_mean,True,False,False,True,False,False,False,False,True,False,2632.4583333333335,24,2632.4583333333335,2712.5,25,2740.0,3284.04,2339.0,2863.0,524.0,high,False,,0.05952380952380952,"올해 전력사용량 최종취합본(누적, 4~6월).xlsx",4월데이터,39
2026-04-04,2026-04,2026,4,4,primary_reliable,제1과학관,제1과학관,0,0.0,2632.4583333333335,2632.4583333333335,suspect_zero_replaced_by_building_month_mean,True,False,False,True,False,False,False,False,True,False,2632.4583333333335,24,2632.4583333333335,2712.5,25,2740.0,3284.04,2339.0,2863.0,524.0,high,False,,0.05952380952380952,"올해 전력사용량 최종취합본(누적, 4~6월).xlsx",4월데이터,40
2026-04-05,2026-04,2026,4,5,primary_reliable,제1과학관,제1과학관,0,0.0,2632.4583333333335,2632.4583333333335,suspect_zero_replaced_by_building_month_mean,True,False,False,True,False,False,False,False,True,False,2632.4583333333335,24,2632.4583333333335,2712.5,25,2740.0,3284.04,2339.0,2863.0,524.0,high,False,,0.05952380952380952,"올해 전력사용량 최종취합본(누적, 4~6월).xlsx",4월데이터,41
2026-04-06,2026-04,2026,4,6,primary_reliable,제1과학관,제1과학관,18922,18922.0,2632.4583333333335,2632.4583333333335,auto_high_spike_replaced_by_building_month_mean,True,False,False,True,False,False,False,False,False,True,2632.4583333333335,24,2632.4583333333335,2712.5,25,2740.0,3284.04,2339.0,2863.0,524.0,high,False,,0.05952380952380952,"올해 전력사용량 최종취합본(누적, 4~6월).xlsx",4월데이터,42
2026-06-23,2026-06,2026,6,23,primary_reliable,제1과학관,제1과학관,6288,6288.0,2785.681818181818,2785.681818181818,auto_high_spike_replaced_by_building_month_mean,True,False,False,True,False,False,False,False,False,True,2785.681818181818,22,2785.681818181818,2925.5,23,2928.0,2937.9565217391305,2460.0,3247.5,787.5,high,False,,0.05952380952380952,"올해 전력사용량 최종취합본(누적, 4~6월).xlsx",6월데이터,127
2026-06-24,2026-06,2026,6,24,primary_reliable,제1과학관,제1과학관,0,0.0,2785.681818181818,2785.681818181818,partial_day_replaced_by_building_month_mean,True,False,False,False,True,False,True,False,False,False,2785.681818181818,22,2785.681818181818,2925.5,23,2928.0,2937.9565217391305,2460.0,3247.5,787.5,high,False,,0.05952380952380952,"올해 전력사용량 최종취합본(누적, 4~6월).xlsx",6월데이터,128
2026-06-25,2026-06,2026,6,25,primary_reliable,제1과학관,제1과학관,0,,,2785.681818181818,missing_placeholder_kept_na,False,False,False,False,True,True,False,False,False,False,2785.681818181818,22,2785.681818181818,2925.5,23,2928.0,2937.9565217391305,2460.0,3247.5,787.5,high,False,,0.05952380952380952,"올해 전력사용량 최종취합본(누적, 4~6월).xlsx",6월데이터,129
2026-06-26,2026-06,2026,6,26,primary_reliable,제1과학관,제1과학관,0,,,2785.681818181818,missing_placeholder_kept_na,False,False,False,False,True,True,False,False,False,False,2785.681818181818,22,2785.681818181818,2925.5,23,2928.0,2937.9565217391305,2460.0,3247.5,787.5,high,False,,0.05952380952380952,"올해 전력사용량 최종취합본(누적, 4~6월).xlsx",6월데이터,130
2026-06-27,2026-06,2026,6,27,primary_reliable,제1과학관,제1과학관,0,,,2785.681818181818,missing_placeholder_kept_na,False,False,False,False,True,True,False,False,False,False,2785.681818181818,22,2785.681818181818,2925.5,23,2928.0,2937.9565217391305,2460.0,3247.5,787.5,high,False,,0.05952380952380952,"올해 전력사용량 최종취합본(누적, 4~6월).xlsx",6월데이터,131
2026-06-28,2026-06,2026,6,28,primary_reliable,제1과학관,제1과학관,0,,,2785.681818181818,missing_placeholder_kept_na,False,False,False,False,True,True,False,False,False,False,2785.681818181818,22,2785.681818181818,2925.5,23,2928.0,2937.9565217391305,2460.0,3247.5,787.5,high,False,,0.05952380952380952,"올해 전력사용량 최종취합본(누적, 4~6월).xlsx",6월데이터,132
2026-06-29,2026-06,2026,6,29,primary_reliable,제1과학관,제1과학관,0,,,2785.681818181818,missing_placeholder_kept_na,False,False,False,False,True,True,False,False,False,False,2785.681818181818,22,2785.681818181818,2925.5,23,2928.0,2937.9565217391305,2460.0,3247.5,787.5,high,False,,0.05952380952380952,"올해 전력사용량 최종취합본(누적, 4~6월).xlsx",6월데이터,133
2026-06-30,2026-06,2026,6,30,primary_reliable,제1과학관,제1과학관,0,,,2785.681818181818,missing_placeholder_kept_na,False,False,False,False,True,True,False,False,False,False,2785.681818181818,22,2785.681818181818,2925.5,23,2928.0,2937.9565217391305,2460.0,3247.5,787.5,high,False,,0.05952380952380952,"올해 전력사용량 최종취합본(누적, 4~6월).xlsx",6월데이터,134
2026-06-24,2026-06,2026,6,24,primary_reliable,제2공장형실습장,제2공장형실습장,332,332.0,418.5217391304348,418.5217391304348,partial_day_replaced_by_building_month_mean,True,False,False,False,True,False,True,False,False,False,418.5217391304348,23,418.5217391304348,437.0,23,437.0,418.5217391304348,296.5,496.5,200.0,high,False,,0.0,"올해 전력사용량 최종취합본(누적, 4~6월).xlsx",6월데이터,128
2026-06-25,2026-06,2026,6,25,primary_reliable,제2공장형실습장,제2공장형실습장,0,,,418.5217391304348,missing_placeholder_kept_na,False,False,False,False,True,True,False,False,False,False,418.5217391304348,23,418.5217391304348,437.0,23,437.0,418.5217391304348,296.5,496.5,200.0,high,False,,0.0,"올해 전력사용량 최종취합본(누적, 4~6월).xlsx",6월데이터,129
2026-06-26,2026-06,2026,6,26,primary_reliable,제2공장형실습장,제2공장형실습장,0,,,418.5217391304348,missing_placeholder_kept_na,False,False,False,False,True,True,False,False,False,False,418.5217391304348,23,418.5217391304348,437.0,23,437.0,418.5217391304348,296.5,496.5,200.0,high,False,,0.0,"올해 전력사용량 최종취합본(누적, 4~6월).xlsx",6월데이터,130
2026-06-27,2026-06,2026,6,27,primary_reliable,제2공장형실습장,제2공장형실습장,0,,,418.5217391304348,missing_placeholder_kept_na,False,False,False,False,True,True,False,False,False,False,418.5217391304348,23,418.5217391304348,437.0,23,437.0,418.5217391304348,296.5,496.5,200.0,high,False,,0.0,"올해 전력사용량 최종취합본(누적, 4~6월).xlsx",6월데이터,131
2026-06-28,2026-06,2026,6,28,primary_reliable,제2공장형실습장,제2공장형실습장,0,,,418.5217391304348,missing_placeholder_kept_na,False,False,False,False,True,True,False,False,False,False,418.5217391304348,23,418.5217391304348,437.0,23,437.0,418.5217391304348,296.5,496.5,200.0,high,False,,0.0,"올해 전력사용량 최종취합본(누적, 4~6월).xlsx",6월데이터,132
2026-06-29,2026-06,2026,6,29,primary_reliable,제2공장형실습장,제2공장형실습장,0,,,418.5217391304348,missing_placeholder_kept_na,False,False,False,False,True,True,False,False,False,False,418.5217391304348,23,418.5217391304348,437.0,23,437.0,418.5217391304348,296.5,496.5,200.0,high,False,,0.0,"올해 전력사용량 최종취합본(누적, 4~6월).xlsx",6월데이터,133
2026-06-30,2026-06,2026,6,30,primary_reliable,제2공장형실습장,제2공장형실습장,0,,,418.5217391304348,missing_placeholder_kept_na,False,False,False,False,True,True,False,False,False,False,418.5217391304348,23,418.5217391304348,437.0,23,437.0,418.5217391304348,296.5,496.5,200.0,high,False,,0.0,"올해 전력사용량 최종취합본(누적, 4~6월).xlsx",6월데이터,134
2026-06-24,2026-06,2026,6,24,primary_reliable,제2인문관,제2인문관,158,158.0,270.17391304347825,270.17391304347825,partial_day_replaced_by_building_month_mean,True,False,False,False,True,False,True,False,False,False,270.17391304347825,23,270.17391304347825,282.0,23,282.0,270.17391304347825,222.0,306.0,84.0,high,False,,0.0,"올해 전력사용량 최종취합본(누적, 4~6월).xlsx",6월데이터,128
2026-06-25,2026-06,2026,6,25,primary_reliable,제2인문관,제2인문관,0,,,270.17391304347825,missing_placeholder_kept_na,False,False,False,False,True,True,False,False,False,False,270.17391304347825,23,270.17391304347825,282.0,23,282.0,270.17391304347825,222.0,306.0,84.0,high,False,,0.0,"올해 전력사용량 최종취합본(누적, 4~6월).xlsx",6월데이터,129
2026-06-26,2026-06,2026,6,26,primary_reliable,제2인문관,제2인문관,0,,,270.17391304347825,missing_placeholder_kept_na,False,False,False,False,True,True,False,False,False,False,270.17391304347825,23,270.17391304347825,282.0,23,282.0,270.17391304347825,222.0,306.0,84.0,high,False,,0.0,"올해 전력사용량 최종취합본(누적, 4~6월).xlsx",6월데이터,130
2026-06-27,2026-06,2026,6,27,primary_reliable,제2인문관,제2인문관,0,,,270.17391304347825,missing_placeholder_kept_na,False,False,False,False,True,True,False,False,False,False,270.17391304347825,23,270.17391304347825,282.0,23,282.0,270.17391304347825,222.0,306.0,84.0,high,False,,0.0,"올해 전력사용량 최종취합본(누적, 4~6월).xlsx",6월데이터,131
2026-06-28,2026-06,2026,6,28,primary_reliable,제2인문관,제2인문관,0,,,270.17391304347825,missing_placeholder_kept_na,False,False,False,False,True,True,False,False,False,False,270.17391304347825,23,270.17391304347825,282.0,23,282.0,270.17391304347825,222.0,306.0,84.0,high,False,,0.0,"올해 전력사용량 최종취합본(누적, 4~6월).xlsx",6월데이터,132
2026-06-29,2026-06,2026,6,29,primary_reliable,제2인문관,제2인문관,0,,,270.17391304347825,missing_placeholder_kept_na,False,False,False,False,True,True,False,False,False,False,270.17391304347825,23,270.17391304347825,282.0,23,282.0,270.17391304347825,222.0,306.0,84.0,high,False,,0.0,"올해 전력사용량 최종취합본(누적, 4~6월).xlsx",6월데이터,133
2026-06-30,2026-06,2026,6,30,primary_reliable,제2인문관,제2인문관,0,,,270.17391304347825,missing_placeholder_kept_na,False,False,False,False,True,True,False,False,False,False,270.17391304347825,23,270.17391304347825,282.0,23,282.0,270.17391304347825,222.0,306.0,84.0,high,False,,0.0,"올해 전력사용량 최종취합본(누적, 4~6월).xlsx",6월데이터,134
2026-06-24,2026-06,2026,6,24,primary_reliable,제3과학관,제3과학관,526,526.0,1080.5217391304348,1080.5217391304348,partial_day_replaced_by_building_month_mean,True,False,False,False,True,False,True,False,False,False,1080.5217391304348,23,1080.5217391304348,1043.0,23,1043.0,1080.5217391304348,950.0,1235.5,285.5,high,False,,0.0,"올해 전력사용량 최종취합본(누적, 4~6월).xlsx",6월데이터,128
2026-06-25,2026-06,2026,6,25,primary_reliable,제3과학관,제3과학관,0,,,1080.5217391304348,missing_placeholder_kept_na,False,False,False,False,True,True,False,False,False,False,1080.5217391304348,23,1080.5217391304348,1043.0,23,1043.0,1080.5217391304348,950.0,1235.5,285.5,high,False,,0.0,"올해 전력사용량 최종취합본(누적, 4~6월).xlsx",6월데이터,129
2026-06-26,2026-06,2026,6,26,primary_reliable,제3과학관,제3과학관,0,,,1080.5217391304348,missing_placeholder_kept_na,False,False,False,False,True,True,False,False,False,False,1080.5217391304348,23,1080.5217391304348,1043.0,23,1043.0,1080.5217391304348,950.0,1235.5,285.5,high,False,,0.0,"올해 전력사용량 최종취합본(누적, 4~6월).xlsx",6월데이터,130
2026-06-27,2026-06,2026,6,27,primary_reliable,제3과학관,제3과학관,0,,,1080.5217391304348,missing_placeholder_kept_na,False,False,False,False,True,True,False,False,False,False,1080.5217391304348,23,1080.5217391304348,1043.0,23,1043.0,1080.5217391304348,950.0,1235.5,285.5,high,False,,0.0,"올해 전력사용량 최종취합본(누적, 4~6월).xlsx",6월데이터,131
2026-06-28,2026-06,2026,6,28,primary_reliable,제3과학관,제3과학관,0,,,1080.5217391304348,missing_placeholder_kept_na,False,False,False,False,True,True,False,False,False,False,1080.5217391304348,23,1080.5217391304348,1043.0,23,1043.0,1080.5217391304348,950.0,1235.5,285.5,high,False,,0.0,"올해 전력사용량 최종취합본(누적, 4~6월).xlsx",6월데이터,132
2026-06-29,2026-06,2026,6,29,primary_reliable,제3과학관,제3과학관,0,,,1080.5217391304348,missing_placeholder_kept_na,False,False,False,False,True,True,False,False,False,False,1080.5217391304348,23,1080.5217391304348,1043.0,23,1043.0,1080.5217391304348,950.0,1235.5,285.5,high,False,,0.0,"올해 전력사용량 최종취합본(누적, 4~6월).xlsx",6월데이터,133
2026-06-30,2026-06,2026,6,30,primary_reliable,제3과학관,제3과학관,0,,,1080.5217391304348,missing_placeholder_kept_na,False,False,False,False,True,True,False,False,False,False,1080.5217391304348,23,1080.5217391304348,1043.0,23,1043.0,1080.5217391304348,950.0,1235.5,285.5,high,False,,0.0,"올해 전력사용량 최종취합본(누적, 4~6월).xlsx",6월데이터,134
2026-06-24,2026-06,2026,6,24,primary_reliable,화공관,공대화공관,1464,1464.0,2770.913043478261,2770.913043478261,partial_day_replaced_by_building_month_mean,True,False,False,False,True,False,True,False,False,False,2770.913043478261,23,2770.913043478261,2874.0,23,2874.0,2770.913043478261,2471.5,2999.5,528.0,high,False,,0.0,"올해 전력사용량 최종취합본(누적, 4~6월).xlsx",6월데이터,128
2026-06-25,2026-06,2026,6,25,primary_reliable,화공관,공대화공관,0,,,2770.913043478261,missing_placeholder_kept_na,False,False,False,False,True,True,False,False,False,False,2770.913043478261,23,2770.913043478261,2874.0,23,2874.0,2770.913043478261,2471.5,2999.5,528.0,high,False,,0.0,"올해 전력사용량 최종취합본(누적, 4~6월).xlsx",6월데이터,129
2026-06-26,2026-06,2026,6,26,primary_reliable,화공관,공대화공관,0,,,2770.913043478261,missing_placeholder_kept_na,False,False,False,False,True,True,False,False,False,False,2770.913043478261,23,2770.913043478261,2874.0,23,2874.0,2770.913043478261,2471.5,2999.5,528.0,high,False,,0.0,"올해 전력사용량 최종취합본(누적, 4~6월).xlsx",6월데이터,130
2026-06-27,2026-06,2026,6,27,primary_reliable,화공관,공대화공관,0,,,2770.913043478261,missing_placeholder_kept_na,False,False,False,False,True,True,False,False,False,False,2770.913043478261,23,2770.913043478261,2874.0,23,2874.0,2770.913043478261,2471.5,2999.5,528.0,high,False,,0.0,"올해 전력사용량 최종취합본(누적, 4~6월).xlsx",6월데이터,131
2026-06-28,2026-06,2026,6,28,primary_reliable,화공관,공대화공관,0,,,2770.913043478261,missing_placeholder_kept_na,False,False,False,False,True,True,False,False,False,False,2770.913043478261,23,2770.913043478261,2874.0,23,2874.0,2770.913043478261,2471.5,2999.5,528.0,high,False,,0.0,"올해 전력사용량 최종취합본(누적, 4~6월).xlsx",6월데이터,132
2026-06-29,2026-06,2026,6,29,primary_reliable,화공관,공대화공관,0,,,2770.913043478261,missing_placeholder_kept_na,False,False,False,False,True,True,False,False,False,False,2770.913043478261,23,2770.913043478261,2874.0,23,2874.0,2770.913043478261,2471.5,2999.5,528.0,high,False,,0.0,"올해 전력사용량 최종취합본(누적, 4~6월).xlsx",6월데이터,133
2026-06-30,2026-06,2026,6,30,primary_reliable,화공관,공대화공관,0,,,2770.913043478261,missing_placeholder_kept_na,False,False,False,False,True,True,False,False,False,False,2770.913043478261,23,2770.913043478261,2874.0,23,2874.0,2770.913043478261,2471.5,2999.5,528.0,high,False,,0.0,"올해 전력사용량 최종취합본(누적, 4~6월).xlsx",6월데이터,134
2026-06-24,2026-06,2026,6,24,review_optional_major,IT관,IT관,1023,1023.0,3044.521739130435,3044.521739130435,partial_day_replaced_by_building_month_mean,True,False,False,False,True,False,True,False,False,False,3044.521739130435,23,3044.521739130435,2999.0,23,2999.0,3044.521739130435,2834.5,3256.0,421.5,medium,True,group_1: IT관 | 중앙기기센터분관 | 학생지원센터,0.0,"올해 전력사용량 최종취합본(누적, 4~6월).xlsx",6월데이터,128
2026-06-25,2026-06,2026,6,25,review_optional_major,IT관,IT관,0,,,3044.521739130435,missing_placeholder_kept_na,False,False,False,False,True,True,False,False,False,False,3044.521739130435,23,3044.521739130435,2999.0,23,2999.0,3044.521739130435,2834.5,3256.0,421.5,medium,True,group_1: IT관 | 중앙기기센터분관 | 학생지원센터,0.0,"올해 전력사용량 최종취합본(누적, 4~6월).xlsx",6월데이터,129
2026-06-26,2026-06,2026,6,26,review_optional_major,IT관,IT관,0,,,3044.521739130435,missing_placeholder_kept_na,False,False,False,False,True,True,False,False,False,False,3044.521739130435,23,3044.521739130435,2999.0,23,2999.0,3044.521739130435,2834.5,3256.0,421.5,medium,True,group_1: IT관 | 중앙기기센터분관 | 학생지원센터,0.0,"올해 전력사용량 최종취합본(누적, 4~6월).xlsx",6월데이터,130
2026-06-27,2026-06,2026,6,27,review_optional_major,IT관,IT관,0,,,3044.521739130435,missing_placeholder_kept_na,False,False,False,False,True,True,False,False,False,False,3044.521739130435,23,3044.521739130435,2999.0,23,2999.0,3044.521739130435,2834.5,3256.0,421.5,medium,True,group_1: IT관 | 중앙기기센터분관 | 학생지원센터,0.0,"올해 전력사용량 최종취합본(누적, 4~6월).xlsx",6월데이터,131
2026-06-28,2026-06,2026,6,28,review_optional_major,IT관,IT관,0,,,3044.521739130435,missing_placeholder_kept_na,False,False,False,False,True,True,False,False,False,False,3044.521739130435,23,3044.521739130435,2999.0,23,2999.0,3044.521739130435,2834.5,3256.0,421.5,medium,True,group_1: IT관 | 중앙기기센터분관 | 학생지원센터,0.0,"올해 전력사용량 최종취합본(누적, 4~6월).xlsx",6월데이터,132
2026-06-29,2026-06,2026,6,29,review_optional_major,IT관,IT관,0,,,3044.521739130435,missing_placeholder_kept_na,False,False,False,False,True,True,False,False,False,False,3044.521739130435,23,3044.521739130435,2999.0,23,2999.0,3044.521739130435,2834.5,3256.0,421.5,medium,True,group_1: IT관 | 중앙기기센터분관 | 학생지원센터,0.0,"올해 전력사용량 최종취합본(누적, 4~6월).xlsx",6월데이터,133
2026-06-30,2026-06,2026,6,30,review_optional_major,IT관,IT관,0,,,3044.521739130435,missing_placeholder_kept_na,False,False,False,False,True,True,False,False,False,False,3044.521739130435,23,3044.521739130435,2999.0,23,2999.0,3044.521739130435,2834.5,3256.0,421.5,medium,True,group_1: IT관 | 중앙기기센터분관 | 학생지원센터,0.0,"올해 전력사용량 최종취합본(누적, 4~6월).xlsx",6월데이터,134
2026-04-01,2026-04,2026,4,1,review_optional_major,과학도서관,과학도서관,0,0.0,6993.333333333333,6993.333333333333,suspect_zero_replaced_by_building_month_mean,True,False,False,True,False,False,False,False,True,False,6993.333333333333,6,6993.333333333333,8388.0,7,8388.0,8390.857142857143,8388.0,8390.0,2.0,high,False,,0.7380952380952381,"올해 전력사용량 최종취합본(누적, 4~6월).xlsx",4월데이터,37
2026-04-02,2026-04,2026,4,2,review_optional_major,과학도서관,과학도서관,0,0.0,6993.333333333333,6993.333333333333,suspect_zero_replaced_by_building_month_mean,True,False,False,True,False,False,False,False,True,False,6993.333333333333,6,6993.333333333333,8388.0,7,8388.0,8390.857142857143,8388.0,8390.0,2.0,high,False,,0.7380952380952381,"올해 전력사용량 최종취합본(누적, 4~6월).xlsx",4월데이터,38
2026-04-03,2026-04,2026,4,3,review_optional_major,과학도서관,과학도서관,0,0.0,6993.333333333333,6993.333333333333,suspect_zero_replaced_by_building_month_mean,True,False,False,True,False,False,False,False,True,False,6993.333333333333,6,6993.333333333333,8388.0,7,8388.0,8390.857142857143,8388.0,8390.0,2.0,high,False,,0.7380952380952381,"올해 전력사용량 최종취합본(누적, 4~6월).xlsx",4월데이터,39
2026-04-04,2026-04,2026,4,4,review_optional_major,과학도서관,과학도서관,0,0.0,6993.333333333333,6993.333333333333,suspect_zero_replaced_by_building_month_mean,True,False,False,True,False,False,False,False,True,False,6993.333333333333,6,6993.333333333333,8388.0,7,8388.0,8390.857142857143,8388.0,8390.0,2.0,high,False,,0.7380952380952381,"올해 전력사용량 최종취합본(누적, 4~6월).xlsx",4월데이터,40
2026-04-05,2026-04,2026,4,5,review_optional_major,과학도서관,과학도서관,0,0.0,6993.333333333333,6993.333333333333,suspect_zero_replaced_by_building_month_mean,True,False,False,True,False,False,False,False,True,False,6993.333333333333,6,6993.333333333333,8388.0,7,8388.0,8390.857142857143,8388.0,8390.0,2.0,high,False,,0.7380952380952381,"올해 전력사용량 최종취합본(누적, 4~6월).xlsx",4월데이터,41
2026-04-06,2026-04,2026,4,6,review_optional_major,과학도서관,과학도서관,16776,16776.0,6993.333333333333,6993.333333333333,auto_high_spike_replaced_by_building_month_mean,True,False,False,True,False,False,False,False,False,True,6993.333333333333,6,6993.333333333333,8388.0,7,8388.0,8390.857142857143,8388.0,8390.0,2.0,high,False,,0.7380952380952381,"올해 전력사용량 최종취합본(누적, 4~6월).xlsx",4월데이터,42
2026-04-07,2026-04,2026,4,7,review_optional_major,과학도서관,과학도서관,0,0.0,6993.333333333333,6993.333333333333,suspect_zero_replaced_by_building_month_mean,True,False,False,True,False,False,False,False,True,False,6993.333333333333,6,6993.333333333333,8388.0,7,8388.0,8390.857142857143,8388.0,8390.0,2.0,high,False,,0.7380952380952381,"올해 전력사용량 최종취합본(누적, 4~6월).xlsx",4월데이터,43
2026-04-08,2026-04,2026,4,8,review_optional_major,과학도서관,과학도서관,0,0.0,6993.333333333333,6993.333333333333,suspect_zero_replaced_by_building_month_mean,True,False,False,True,False,False,False,False,True,False,6993.333333333333,6,6993.333333333333,8388.0,7,8388.0,8390.857142857143,8388.0,8390.0,2.0,high,False,,0.7380952380952381,"올해 전력사용량 최종취합본(누적, 4~6월).xlsx",4월데이터,44
2026-04-09,2026-04,2026,4,9,review_optional_major,과학도서관,과학도서관,0,0.0,6993.333333333333,6993.333333333333,suspect_zero_replaced_by_building_month_mean,True,False,False,True,False,False,False,False,True,False,6993.333333333333,6,6993.333333333333,8388.0,7,8388.0,8390.857142857143,8388.0,8390.0,2.0,high,False,,0.7380952380952381,"올해 전력사용량 최종취합본(누적, 4~6월).xlsx",4월데이터,45
2026-04-11,2026-04,2026,4,11,review_optional_major,과학도서관,과학도서관,0,0.0,6993.333333333333,6993.333333333333,suspect_zero_replaced_by_building_month_mean,True,False,False,True,False,False,False,False,True,False,6993.333333333333,6,6993.333333333333,8388.0,7,8388.0,8390.857142857143,8388.0,8390.0,2.0,high,False,,0.7380952380952381,"올해 전력사용량 최종취합본(누적, 4~6월).xlsx",4월데이터,47
2026-04-12,2026-04,2026,4,12,review_optional_major,과학도서관,과학도서관,0,0.0,6993.333333333333,6993.333333333333,suspect_zero_replaced_by_building_month_mean,True,False,False,True,False,False,False,False,True,False,6993.333333333333,6,6993.333333333333,8388.0,7,8388.0,8390.857142857143,8388.0,8390.0,2.0,high,False,,0.7380952380952381,"올해 전력사용량 최종취합본(누적, 4~6월).xlsx",4월데이터,48
2026-04-13,2026-04,2026,4,13,review_optional_major,과학도서관,과학도서관,0,0.0,6993.333333333333,6993.333333333333,suspect_zero_replaced_by_building_month_mean,True,False,False,True,False,False,False,False,True,False,6993.333333333333,6,6993.333333333333,8388.0,7,8388.0,8390.857142857143,8388.0,8390.0,2.0,high,False,,0.7380952380952381,"올해 전력사용량 최종취합본(누적, 4~6월).xlsx",4월데이터,49
2026-04-15,2026-04,2026,4,15,review_optional_major,과학도서관,과학도서관,0,0.0,6993.333333333333,6993.333333333333,suspect_zero_replaced_by_building_month_mean,True,False,False,True,False,False,False,False,True,False,6993.333333333333,6,6993.333333333333,8388.0,7,8388.0,8390.857142857143,8388.0,8390.0,2.0,high,False,,0.7380952380952381,"올해 전력사용량 최종취합본(누적, 4~6월).xlsx",4월데이터,51
2026-04-16,2026-04,2026,4,16,review_optional_major,과학도서관,과학도서관,0,0.0,6993.333333333333,6993.333333333333,suspect_zero_replaced_by_building_month_mean,True,False,False,True,False,False,False,False,True,False,6993.333333333333,6,6993.333333333333,8388.0,7,8388.0,8390.857142857143,8388.0,8390.0,2.0,high,False,,0.7380952380952381,"올해 전력사용량 최종취합본(누적, 4~6월).xlsx",4월데이터,52
2026-04-17,2026-04,2026,4,17,review_optional_major,과학도서관,과학도서관,0,0.0,6993.333333333333,6993.333333333333,suspect_zero_replaced_by_building_month_mean,True,False,False,True,False,False,False,False,True,False,6993.333333333333,6,6993.333333333333,8388.0,7,8388.0,8390.857142857143,8388.0,8390.0,2.0,high,False,,0.7380952380952381,"올해 전력사용량 최종취합본(누적, 4~6월).xlsx",4월데이터,53
2026-04-20,2026-04,2026,4,20,review_optional_major,과학도서관,과학도서관,0,0.0,6993.333333333333,6993.333333333333,suspect_zero_replaced_by_building_month_mean,True,False,False,True,False,False,False,False,True,False,6993.333333333333,6,6993.333333333333,8388.0,7,8388.0,8390.857142857143,8388.0,8390.0,2.0,high,False,,0.7380952380952381,"올해 전력사용량 최종취합본(누적, 4~6월).xlsx",4월데이터,56
2026-04-21,2026-04,2026,4,21,review_optional_major,과학도서관,과학도서관,0,0.0,6993.333333333333,6993.333333333333,suspect_zero_replaced_by_building_month_mean,True,False,False,True,False,False,False,False,True,False,6993.333333333333,6,6993.333333333333,8388.0,7,8388.0,8390.857142857143,8388.0,8390.0,2.0,high,False,,0.7380952380952381,"올해 전력사용량 최종취합본(누적, 4~6월).xlsx",4월데이터,57
2026-04-22,2026-04,2026,4,22,review_optional_major,과학도서관,과학도서관,0,0.0,6993.333333333333,6993.333333333333,suspect_zero_replaced_by_building_month_mean,True,False,False,True,False,False,False,False,True,False,6993.333333333333,6,6993.333333333333,8388.0,7,8388.0,8390.857142857143,8388.0,8390.0,2.0,high,False,,0.7380952380952381,"올해 전력사용량 최종취합본(누적, 4~6월).xlsx",4월데이터,58
2026-04-24,2026-04,2026,4,24,review_optional_major,과학도서관,과학도서관,0,0.0,6993.333333333333,6993.333333333333,suspect_zero_replaced_by_building_month_mean,True,False,False,True,False,False,False,False,True,False,6993.333333333333,6,6993.333333333333,8388.0,7,8388.0,8390.857142857143,8388.0,8390.0,2.0,high,False,,0.7380952380952381,"올해 전력사용량 최종취합본(누적, 4~6월).xlsx",4월데이터,60
2026-04-25,2026-04,2026,4,25,review_optional_major,과학도서관,과학도서관,0,0.0,6993.333333333333,6993.333333333333,suspect_zero_replaced_by_building_month_mean,True,False,False,True,False,False,False,False,True,False,6993.333333333333,6,6993.333333333333,8388.0,7,8388.0,8390.857142857143,8388.0,8390.0,2.0,high,False,,0.7380952380952381,"올해 전력사용량 최종취합본(누적, 4~6월).xlsx",4월데이터,61
2026-04-26,2026-04,2026,4,26,review_optional_major,과학도서관,과학도서관,0,0.0,6993.333333333333,6993.333333333333,suspect_zero_replaced_by_building_month_mean,True,False,False,True,False,False,False,False,True,False,6993.333333333333,6,6993.333333333333,8388.0,7,8388.0,8390.857142857143,8388.0,8390.0,2.0,high,False,,0.7380952380952381,"올해 전력사용량 최종취합본(누적, 4~6월).xlsx",4월데이터,62
2026-04-28,2026-04,2026,4,28,review_optional_major,과학도서관,과학도서관,0,0.0,6993.333333333333,6993.333333333333,suspect_zero_replaced_by_building_month_mean,True,False,False,True,False,False,False,False,True,False,6993.333333333333,6,6993.333333333333,8388.0,7,8388.0,8390.857142857143,8388.0,8390.0,2.0,high,False,,0.7380952380952381,"올해 전력사용량 최종취합본(누적, 4~6월).xlsx",4월데이터,64
2026-04-29,2026-04,2026,4,29,review_optional_major,과학도서관,과학도서관,0,0.0,6993.333333333333,6993.333333333333,suspect_zero_replaced_by_building_month_mean,True,False,False,True,False,False,False,False,True,False,6993.333333333333,6,6993.333333333333,8388.0,7,8388.0,8390.857142857143,8388.0,8390.0,2.0,high,False,,0.7380952380952381,"올해 전력사용량 최종취합본(누적, 4~6월).xlsx",4월데이터,65
2026-04-30,2026-04,2026,4,30,review_optional_major,과학도서관,과학도서관,0,0.0,6993.333333333333,6993.333333333333,suspect_zero_replaced_by_building_month_mean,True,False,False,True,False,False,False,False,True,False,6993.333333333333,6,6993.333333333333,8388.0,7,8388.0,8390.857142857143,8388.0,8390.0,2.0,high,False,,0.7380952380952381,"올해 전력사용량 최종취합본(누적, 4~6월).xlsx",4월데이터,66
2026-05-01,2026-05,2026,5,1,review_optional_major,과학도서관,과학도서관,0,0.0,8388.0,8388.0,suspect_zero_replaced_by_building_month_mean,True,False,False,True,False,False,False,False,True,False,8388.0,5,8388.0,8388.0,5,8388.0,8388.0,8388.0,8388.0,0.0,high,False,,0.7380952380952381,"올해 전력사용량 최종취합본(누적, 4~6월).xlsx",5월데이터,71
2026-05-02,2026-05,2026,5,2,review_optional_major,과학도서관,과학도서관,0,0.0,8388.0,8388.0,suspect_zero_replaced_by_building_month_mean,True,False,False,True,False,False,False,False,True,False,8388.0,5,8388.0,8388.0,5,8388.0,8388.0,8388.0,8388.0,0.0,high,False,,0.7380952380952381,"올해 전력사용량 최종취합본(누적, 4~6월).xlsx",5월데이터,72
2026-05-04,2026-05,2026,5,4,review_optional_major,과학도서관,과학도서관,0,0.0,8388.0,8388.0,suspect_zero_replaced_by_building_month_mean,True,False,False,True,False,False,False,False,True,False,8388.0,5,8388.0,8388.0,5,8388.0,8388.0,8388.0,8388.0,0.0,high,False,,0.7380952380952381,"올해 전력사용량 최종취합본(누적, 4~6월).xlsx",5월데이터,74
2026-05-05,2026-05,2026,5,5,review_optional_major,과학도서관,과학도서관,0,0.0,8388.0,8388.0,suspect_zero_replaced_by_building_month_mean,True,False,False,True,False,False,False,False,True,False,8388.0,5,8388.0,8388.0,5,8388.0,8388.0,8388.0,8388.0,0.0,high,False,,0.7380952380952381,"올해 전력사용량 최종취합본(누적, 4~6월).xlsx",5월데이터,75
2026-05-06,2026-05,2026,5,6,review_optional_major,과학도서관,과학도서관,0,0.0,8388.0,8388.0,suspect_zero_replaced_by_building_month_mean,True,False,False,True,False,False,False,False,True,False,8388.0,5,8388.0,8388.0,5,8388.0,8388.0,8388.0,8388.0,0.0,high,False,,0.7380952380952381,"올해 전력사용량 최종취합본(누적, 4~6월).xlsx",5월데이터,76
2026-05-07,2026-05,2026,5,7,review_optional_major,과학도서관,과학도서관,0,0.0,8388.0,8388.0,suspect_zero_replaced_by_building_month_mean,True,False,False,True,False,False,False,False,True,False,8388.0,5,8388.0,8388.0,5,8388.0,8388.0,8388.0,8388.0,0.0,high,False,,0.7380952380952381,"올해 전력사용량 최종취합본(누적, 4~6월).xlsx",5월데이터,77
2026-05-09,2026-05,2026,5,9,review_optional_major,과학도서관,과학도서관,0,0.0,8388.0,8388.0,suspect_zero_replaced_by_building_month_mean,True,False,False,True,False,False,False,False,True,False,8388.0,5,8388.0,8388.0,5,8388.0,8388.0,8388.0,8388.0,0.0,high,False,,0.7380952380952381,"올해 전력사용량 최종취합본(누적, 4~6월).xlsx",5월데이터,79
2026-05-10,2026-05,2026,5,10,review_optional_major,과학도서관,과학도서관,0,0.0,8388.0,8388.0,suspect_zero_replaced_by_building_month_mean,True,False,False,True,False,False,False,False,True,False,8388.0,5,8388.0,8388.0,5,8388.0,8388.0,8388.0,8388.0,0.0,high,False,,0.7380952380952381,"올해 전력사용량 최종취합본(누적, 4~6월).xlsx",5월데이터,80
2026-05-11,2026-05,2026,5,11,review_optional_major,과학도서관,과학도서관,0,0.0,8388.0,8388.0,suspect_zero_replaced_by_building_month_mean,True,False,False,True,False,False,False,False,True,False,8388.0,5,8388.0,8388.0,5,8388.0,8388.0,8388.0,8388.0,0.0,high,False,,0.7380952380952381,"올해 전력사용량 최종취합본(누적, 4~6월).xlsx",5월데이터,81
2026-05-12,2026-05,2026,5,12,review_optional_major,과학도서관,과학도서관,0,0.0,8388.0,8388.0,suspect_zero_replaced_by_building_month_mean,True,False,False,True,False,False,False,False,True,False,8388.0,5,8388.0,8388.0,5,8388.0,8388.0,8388.0,8388.0,0.0,high,False,,0.7380952380952381,"올해 전력사용량 최종취합본(누적, 4~6월).xlsx",5월데이터,82
2026-05-14,2026-05,2026,5,14,review_optional_major,과학도서관,과학도서관,0,0.0,8388.0,8388.0,suspect_zero_replaced_by_building_month_mean,True,False,False,True,False,False,False,False,True,False,8388.0,5,8388.0,8388.0,5,8388.0,8388.0,8388.0,8388.0,0.0,high,False,,0.7380952380952381,"올해 전력사용량 최종취합본(누적, 4~6월).xlsx",5월데이터,84
2026-05-15,2026-05,2026,5,15,review_optional_major,과학도서관,과학도서관,0,0.0,8388.0,8388.0,suspect_zero_replaced_by_building_month_mean,True,False,False,True,False,False,False,False,True,False,8388.0,5,8388.0,8388.0,5,8388.0,8388.0,8388.0,8388.0,0.0,high,False,,0.7380952380952381,"올해 전력사용량 최종취합본(누적, 4~6월).xlsx",5월데이터,85
2026-05-16,2026-05,2026,5,16,review_optional_major,과학도서관,과학도서관,0,0.0,8388.0,8388.0,suspect_zero_replaced_by_building_month_mean,True,False,False,True,False,False,False,False,True,False,8388.0,5,8388.0,8388.0,5,8388.0,8388.0,8388.0,8388.0,0.0,high,False,,0.7380952380952381,"올해 전력사용량 최종취합본(누적, 4~6월).xlsx",5월데이터,86
2026-05-17,2026-05,2026,5,17,review_optional_major,과학도서관,과학도서관,0,0.0,8388.0,8388.0,suspect_zero_replaced_by_building_month_mean,True,False,False,True,False,False,False,False,True,False,8388.0,5,8388.0,8388.0,5,8388.0,8388.0,8388.0,8388.0,0.0,high,False,,0.7380952380952381,"올해 전력사용량 최종취합본(누적, 4~6월).xlsx",5월데이터,87
2026-05-19,2026-05,2026,5,19,review_optional_major,과학도서관,과학도서관,0,0.0,8388.0,8388.0,suspect_zero_replaced_by_building_month_mean,True,False,False,True,False,False,False,False,True,False,8388.0,5,8388.0,8388.0,5,8388.0,8388.0,8388.0,8388.0,0.0,high,False,,0.7380952380952381,"올해 전력사용량 최종취합본(누적, 4~6월).xlsx",5월데이터,89
2026-05-20,2026-05,2026,5,20,review_optional_major,과학도서관,과학도서관,0,0.0,8388.0,8388.0,suspect_zero_replaced_by_building_month_mean,True,False,False,True,False,False,False,False,True,False,8388.0,5,8388.0,8388.0,5,8388.0,8388.0,8388.0,8388.0,0.0,high,False,,0.7380952380952381,"올해 전력사용량 최종취합본(누적, 4~6월).xlsx",5월데이터,90
2026-05-21,2026-05,2026,5,21,review_optional_major,과학도서관,과학도서관,0,0.0,8388.0,8388.0,suspect_zero_replaced_by_building_month_mean,True,False,False,True,False,False,False,False,True,False,8388.0,5,8388.0,8388.0,5,8388.0,8388.0,8388.0,8388.0,0.0,high,False,,0.7380952380952381,"올해 전력사용량 최종취합본(누적, 4~6월).xlsx",5월데이터,91
2026-05-23,2026-05,2026,5,23,review_optional_major,과학도서관,과학도서관,0,0.0,8388.0,8388.0,suspect_zero_replaced_by_building_month_mean,True,False,False,True,False,False,False,False,True,False,8388.0,5,8388.0,8388.0,5,8388.0,8388.0,8388.0,8388.0,0.0,high,False,,0.7380952380952381,"올해 전력사용량 최종취합본(누적, 4~6월).xlsx",5월데이터,93
2026-05-24,2026-05,2026,5,24,review_optional_major,과학도서관,과학도서관,0,0.0,8388.0,8388.0,suspect_zero_replaced_by_building_month_mean,True,False,False,True,False,False,False,False,True,False,8388.0,5,8388.0,8388.0,5,8388.0,8388.0,8388.0,8388.0,0.0,high,False,,0.7380952380952381,"올해 전력사용량 최종취합본(누적, 4~6월).xlsx",5월데이터,94
2026-05-25,2026-05,2026,5,25,review_optional_major,과학도서관,과학도서관,0,0.0,8388.0,8388.0,suspect_zero_replaced_by_building_month_mean,True,False,False,True,False,False,False,False,True,False,8388.0,5,8388.0,8388.0,5,8388.0,8388.0,8388.0,8388.0,0.0,high,False,,0.7380952380952381,"올해 전력사용량 최종취합본(누적, 4~6월).xlsx",5월데이터,95
2026-05-26,2026-05,2026,5,26,review_optional_major,과학도서관,과학도서관,0,0.0,8388.0,8388.0,suspect_zero_replaced_by_building_month_mean,True,False,False,True,False,False,False,False,True,False,8388.0,5,8388.0,8388.0,5,8388.0,8388.0,8388.0,8388.0,0.0,high,False,,0.7380952380952381,"올해 전력사용량 최종취합본(누적, 4~6월).xlsx",5월데이터,96
2026-05-27,2026-05,2026,5,27,review_optional_major,과학도서관,과학도서관,0,0.0,8388.0,8388.0,suspect_zero_replaced_by_building_month_mean,True,False,False,True,False,False,False,False,True,False,8388.0,5,8388.0,8388.0,5,8388.0,8388.0,8388.0,8388.0,0.0,high,False,,0.7380952380952381,"올해 전력사용량 최종취합본(누적, 4~6월).xlsx",5월데이터,97
2026-05-28,2026-05,2026,5,28,review_optional_major,과학도서관,과학도서관,0,0.0,8388.0,8388.0,suspect_zero_replaced_by_building_month_mean,True,False,False,True,False,False,False,False,True,False,8388.0,5,8388.0,8388.0,5,8388.0,8388.0,8388.0,8388.0,0.0,high,False,,0.7380952380952381,"올해 전력사용량 최종취합본(누적, 4~6월).xlsx",5월데이터,98
2026-05-29,2026-05,2026,5,29,review_optional_major,과학도서관,과학도서관,0,0.0,8388.0,8388.0,suspect_zero_replaced_by_building_month_mean,True,False,False,True,False,False,False,False,True,False,8388.0,5,8388.0,8388.0,5,8388.0,8388.0,8388.0,8388.0,0.0,high,False,,0.7380952380952381,"올해 전력사용량 최종취합본(누적, 4~6월).xlsx",5월데이터,99
2026-05-30,2026-05,2026,5,30,review_optional_major,과학도서관,과학도서관,0,0.0,8388.0,8388.0,suspect_zero_replaced_by_building_month_mean,True,False,False,True,False,False,False,False,True,False,8388.0,5,8388.0,8388.0,5,8388.0,8388.0,8388.0,8388.0,0.0,high,False,,0.7380952380952381,"올해 전력사용량 최종취합본(누적, 4~6월).xlsx",5월데이터,100
2026-05-31,2026-05,2026,5,31,review_optional_major,과학도서관,과학도서관,0,0.0,8388.0,8388.0,suspect_zero_replaced_by_building_month_mean,True,False,False,True,False,False,False,False,True,False,8388.0,5,8388.0,8388.0,5,8388.0,8388.0,8388.0,8388.0,0.0,high,False,,0.7380952380952381,"올해 전력사용량 최종취합본(누적, 4~6월).xlsx",5월데이터,101
2026-06-01,2026-06,2026,6,1,review_optional_major,과학도서관,과학도서관,0,0.0,6523.888888888889,6523.888888888889,suspect_zero_replaced_by_building_month_mean,True,False,False,True,False,False,False,False,True,False,6523.888888888889,9,6523.888888888889,8387.0,10,8387.0,7549.2,8387.0,8388.0,1.0,high,False,,0.7380952380952381,"올해 전력사용량 최종취합본(누적, 4~6월).xlsx",6월데이터,105
2026-06-02,2026-06,2026,6,2,review_optional_major,과학도서관,과학도서관,16777,16777.0,6523.888888888889,6523.888888888889,auto_high_spike_replaced_by_building_month_mean,True,False,False,True,False,False,False,False,False,True,6523.888888888889,9,6523.888888888889,8387.0,10,8387.0,7549.2,8387.0,8388.0,1.0,high,False,,0.7380952380952381,"올해 전력사용량 최종취합본(누적, 4~6월).xlsx",6월데이터,106
2026-06-04,2026-06,2026,6,4,review_optional_major,과학도서관,과학도서관,0,0.0,6523.888888888889,6523.888888888889,suspect_zero_replaced_by_building_month_mean,True,False,False,True,False,False,False,False,True,False,6523.888888888889,9,6523.888888888889,8387.0,10,8387.0,7549.2,8387.0,8388.0,1.0,high,False,,0.7380952380952381,"올해 전력사용량 최종취합본(누적, 4~6월).xlsx",6월데이터,108
2026-06-05,2026-06,2026,6,5,review_optional_major,과학도서관,과학도서관,0,0.0,6523.888888888889,6523.888888888889,suspect_zero_replaced_by_building_month_mean,True,False,False,True,False,False,False,False,True,False,6523.888888888889,9,6523.888888888889,8387.0,10,8387.0,7549.2,8387.0,8388.0,1.0,high,False,,0.7380952380952381,"올해 전력사용량 최종취합본(누적, 4~6월).xlsx",6월데이터,109
2026-06-08,2026-06,2026,6,8,review_optional_major,과학도서관,과학도서관,0,0.0,6523.888888888889,6523.888888888889,suspect_zero_replaced_by_building_month_mean,True,False,False,True,False,False,False,False,True,False,6523.888888888889,9,6523.888888888889,8387.0,10,8387.0,7549.2,8387.0,8388.0,1.0,high,False,,0.7380952380952381,"올해 전력사용량 최종취합본(누적, 4~6월).xlsx",6월데이터,112
2026-06-09,2026-06,2026,6,9,review_optional_major,과학도서관,과학도서관,0,0.0,6523.888888888889,6523.888888888889,suspect_zero_replaced_by_building_month_mean,True,False,False,True,False,False,False,False,True,False,6523.888888888889,9,6523.888888888889,8387.0,10,8387.0,7549.2,8387.0,8388.0,1.0,high,False,,0.7380952380952381,"올해 전력사용량 최종취합본(누적, 4~6월).xlsx",6월데이터,113
2026-06-11,2026-06,2026,6,11,review_optional_major,과학도서관,과학도서관,0,0.0,6523.888888888889,6523.888888888889,suspect_zero_replaced_by_building_month_mean,True,False,False,True,False,False,False,False,True,False,6523.888888888889,9,6523.888888888889,8387.0,10,8387.0,7549.2,8387.0,8388.0,1.0,high,False,,0.7380952380952381,"올해 전력사용량 최종취합본(누적, 4~6월).xlsx",6월데이터,115
2026-06-13,2026-06,2026,6,13,review_optional_major,과학도서관,과학도서관,0,0.0,6523.888888888889,6523.888888888889,suspect_zero_replaced_by_building_month_mean,True,False,False,True,False,False,False,False,True,False,6523.888888888889,9,6523.888888888889,8387.0,10,8387.0,7549.2,8387.0,8388.0,1.0,high,False,,0.7380952380952381,"올해 전력사용량 최종취합본(누적, 4~6월).xlsx",6월데이터,117
2026-06-14,2026-06,2026,6,14,review_optional_major,과학도서관,과학도서관,0,0.0,6523.888888888889,6523.888888888889,suspect_zero_replaced_by_building_month_mean,True,False,False,True,False,False,False,False,True,False,6523.888888888889,9,6523.888888888889,8387.0,10,8387.0,7549.2,8387.0,8388.0,1.0,high,False,,0.7380952380952381,"올해 전력사용량 최종취합본(누적, 4~6월).xlsx",6월데이터,118
2026-06-17,2026-06,2026,6,17,review_optional_major,과학도서관,과학도서관,0,0.0,6523.888888888889,6523.888888888889,suspect_zero_replaced_by_building_month_mean,True,False,False,True,False,False,False,False,True,False,6523.888888888889,9,6523.888888888889,8387.0,10,8387.0,7549.2,8387.0,8388.0,1.0,high,False,,0.7380952380952381,"올해 전력사용량 최종취합본(누적, 4~6월).xlsx",6월데이터,121
2026-06-19,2026-06,2026,6,19,review_optional_major,과학도서관,과학도서관,0,0.0,6523.888888888889,6523.888888888889,suspect_zero_replaced_by_building_month_mean,True,False,False,True,False,False,False,False,True,False,6523.888888888889,9,6523.888888888889,8387.0,10,8387.0,7549.2,8387.0,8388.0,1.0,high,False,,0.7380952380952381,"올해 전력사용량 최종취합본(누적, 4~6월).xlsx",6월데이터,123
2026-06-20,2026-06,2026,6,20,review_optional_major,과학도서관,과학도서관,0,0.0,6523.888888888889,6523.888888888889,suspect_zero_replaced_by_building_month_mean,True,False,False,True,False,False,False,False,True,False,6523.888888888889,9,6523.888888888889,8387.0,10,8387.0,7549.2,8387.0,8388.0,1.0,high,False,,0.7380952380952381,"올해 전력사용량 최종취합본(누적, 4~6월).xlsx",6월데이터,124
2026-06-22,2026-06,2026,6,22,review_optional_major,과학도서관,과학도서관,0,0.0,6523.888888888889,6523.888888888889,suspect_zero_replaced_by_building_month_mean,True,False,False,True,False,False,False,False,True,False,6523.888888888889,9,6523.888888888889,8387.0,10,8387.0,7549.2,8387.0,8388.0,1.0,high,False,,0.7380952380952381,"올해 전력사용량 최종취합본(누적, 4~6월).xlsx",6월데이터,126
2026-06-23,2026-06,2026,6,23,review_optional_major,과학도서관,과학도서관,0,0.0,6523.888888888889,6523.888888888889,suspect_zero_replaced_by_building_month_mean,True,False,False,True,False,False,False,False,True,False,6523.888888888889,9,6523.888888888889,8387.0,10,8387.0,7549.2,8387.0,8388.0,1.0,high,False,,0.7380952380952381,"올해 전력사용량 최종취합본(누적, 4~6월).xlsx",6월데이터,127
2026-06-24,2026-06,2026,6,24,review_optional_major,과학도서관,과학도서관,2139771,2139771.0,6523.888888888889,6523.888888888889,partial_day_replaced_by_building_month_mean,True,False,False,False,True,False,True,True,False,False,6523.888888888889,9,6523.888888888889,8387.0,10,8387.0,7549.2,8387.0,8388.0,1.0,high,False,,0.7380952380952381,"올해 전력사용량 최종취합본(누적, 4~6월).xlsx",6월데이터,128
2026-06-25,2026-06,2026,6,25,review_optional_major,과학도서관,과학도서관,0,,,6523.888888888889,missing_placeholder_kept_na,False,False,False,False,True,True,False,False,False,False,6523.888888888889,9,6523.888888888889,8387.0,10,8387.0,7549.2,8387.0,8388.0,1.0,high,False,,0.7380952380952381,"올해 전력사용량 최종취합본(누적, 4~6월).xlsx",6월데이터,129
2026-06-26,2026-06,2026,6,26,review_optional_major,과학도서관,과학도서관,0,,,6523.888888888889,missing_placeholder_kept_na,False,False,False,False,True,True,False,False,False,False,6523.888888888889,9,6523.888888888889,8387.0,10,8387.0,7549.2,8387.0,8388.0,1.0,high,False,,0.7380952380952381,"올해 전력사용량 최종취합본(누적, 4~6월).xlsx",6월데이터,130
2026-06-27,2026-06,2026,6,27,review_optional_major,과학도서관,과학도서관,0,,,6523.888888888889,missing_placeholder_kept_na,False,False,False,False,True,True,False,False,False,False,6523.888888888889,9,6523.888888888889,8387.0,10,8387.0,7549.2,8387.0,8388.0,1.0,high,False,,0.7380952380952381,"올해 전력사용량 최종취합본(누적, 4~6월).xlsx",6월데이터,131
2026-06-28,2026-06,2026,6,28,review_optional_major,과학도서관,과학도서관,0,,,6523.888888888889,missing_placeholder_kept_na,False,False,False,False,True,True,False,False,False,False,6523.888888888889,9,6523.888888888889,8387.0,10,8387.0,7549.2,8387.0,8388.0,1.0,high,False,,0.7380952380952381,"올해 전력사용량 최종취합본(누적, 4~6월).xlsx",6월데이터,132
2026-06-29,2026-06,2026,6,29,review_optional_major,과학도서관,과학도서관,0,,,6523.888888888889,missing_placeholder_kept_na,False,False,False,False,True,True,False,False,False,False,6523.888888888889,9,6523.888888888889,8387.0,10,8387.0,7549.2,8387.0,8388.0,1.0,high,False,,0.7380952380952381,"올해 전력사용량 최종취합본(누적, 4~6월).xlsx",6월데이터,133
2026-06-30,2026-06,2026,6,30,review_optional_major,과학도서관,과학도서관,0,,,6523.888888888889,missing_placeholder_kept_na,False,False,False,False,True,True,False,False,False,False,6523.888888888889,9,6523.888888888889,8387.0,10,8387.0,7549.2,8387.0,8388.0,1.0,high,False,,0.7380952380952381,"올해 전력사용량 최종취합본(누적, 4~6월).xlsx",6월데이터,134
2026-05-21,2026-05,2026,5,21,review_optional_major,정보전산원,정보전산원,0,0.0,3020.85,3020.85,suspect_zero_replaced_by_building_month_mean,True,False,False,True,False,False,False,False,True,False,3020.85,20,3020.85,3182.5,20,3182.5,3020.85,2632.5,3306.75,674.25,high,False,,0.2976190476190476,"올해 전력사용량 최종취합본(누적, 4~6월).xlsx",5월데이터,91
2026-05-22,2026-05,2026,5,22,review_optional_major,정보전산원,정보전산원,0,0.0,3020.85,3020.85,suspect_zero_replaced_by_building_month_mean,True,False,False,True,False,False,False,False,True,False,3020.85,20,3020.85,3182.5,20,3182.5,3020.85,2632.5,3306.75,674.25,high,False,,0.2976190476190476,"올해 전력사용량 최종취합본(누적, 4~6월).xlsx",5월데이터,92
2026-05-23,2026-05,2026,5,23,review_optional_major,정보전산원,정보전산원,0,0.0,3020.85,3020.85,suspect_zero_replaced_by_building_month_mean,True,False,False,True,False,False,False,False,True,False,3020.85,20,3020.85,3182.5,20,3182.5,3020.85,2632.5,3306.75,674.25,high,False,,0.2976190476190476,"올해 전력사용량 최종취합본(누적, 4~6월).xlsx",5월데이터,93
2026-05-24,2026-05,2026,5,24,review_optional_major,정보전산원,정보전산원,0,0.0,3020.85,3020.85,suspect_zero_replaced_by_building_month_mean,True,False,False,True,False,False,False,False,True,False,3020.85,20,3020.85,3182.5,20,3182.5,3020.85,2632.5,3306.75,674.25,high,False,,0.2976190476190476,"올해 전력사용량 최종취합본(누적, 4~6월).xlsx",5월데이터,94
2026-05-25,2026-05,2026,5,25,review_optional_major,정보전산원,정보전산원,0,0.0,3020.85,3020.85,suspect_zero_replaced_by_building_month_mean,True,False,False,True,False,False,False,False,True,False,3020.85,20,3020.85,3182.5,20,3182.5,3020.85,2632.5,3306.75,674.25,high,False,,0.2976190476190476,"올해 전력사용량 최종취합본(누적, 4~6월).xlsx",5월데이터,95
2026-05-26,2026-05,2026,5,26,review_optional_major,정보전산원,정보전산원,0,0.0,3020.85,3020.85,suspect_zero_replaced_by_building_month_mean,True,False,False,True,False,False,False,False,True,False,3020.85,20,3020.85,3182.5,20,3182.5,3020.85,2632.5,3306.75,674.25,high,False,,0.2976190476190476,"올해 전력사용량 최종취합본(누적, 4~6월).xlsx",5월데이터,96
2026-05-27,2026-05,2026,5,27,review_optional_major,정보전산원,정보전산원,0,0.0,3020.85,3020.85,suspect_zero_replaced_by_building_month_mean,True,False,False,True,False,False,False,False,True,False,3020.85,20,3020.85,3182.5,20,3182.5,3020.85,2632.5,3306.75,674.25,high,False,,0.2976190476190476,"올해 전력사용량 최종취합본(누적, 4~6월).xlsx",5월데이터,97
2026-05-28,2026-05,2026,5,28,review_optional_major,정보전산원,정보전산원,0,0.0,3020.85,3020.85,suspect_zero_replaced_by_building_month_mean,True,False,False,True,False,False,False,False,True,False,3020.85,20,3020.85,3182.5,20,3182.5,3020.85,2632.5,3306.75,674.25,high,False,,0.2976190476190476,"올해 전력사용량 최종취합본(누적, 4~6월).xlsx",5월데이터,98
2026-05-29,2026-05,2026,5,29,review_optional_major,정보전산원,정보전산원,0,0.0,3020.85,3020.85,suspect_zero_replaced_by_building_month_mean,True,False,False,True,False,False,False,False,True,False,3020.85,20,3020.85,3182.5,20,3182.5,3020.85,2632.5,3306.75,674.25,high,False,,0.2976190476190476,"올해 전력사용량 최종취합본(누적, 4~6월).xlsx",5월데이터,99
2026-05-30,2026-05,2026,5,30,review_optional_major,정보전산원,정보전산원,0,0.0,3020.85,3020.85,suspect_zero_replaced_by_building_month_mean,True,False,False,True,False,False,False,False,True,False,3020.85,20,3020.85,3182.5,20,3182.5,3020.85,2632.5,3306.75,674.25,high,False,,0.2976190476190476,"올해 전력사용량 최종취합본(누적, 4~6월).xlsx",5월데이터,100
2026-05-31,2026-05,2026,5,31,review_optional_major,정보전산원,정보전산원,0,0.0,3020.85,3020.85,suspect_zero_replaced_by_building_month_mean,True,False,False,True,False,False,False,False,True,False,3020.85,20,3020.85,3182.5,20,3182.5,3020.85,2632.5,3306.75,674.25,high,False,,0.2976190476190476,"올해 전력사용량 최종취합본(누적, 4~6월).xlsx",5월데이터,101
2026-06-01,2026-06,2026,6,1,review_optional_major,정보전산원,정보전산원,0,0.0,7339.125,7339.125,suspect_zero_replaced_by_building_month_mean,True,False,False,True,False,False,False,False,True,False,7339.125,8,7339.125,8387.0,9,8387.0,8387.777777777777,8387.0,8388.0,1.0,high,False,,0.2976190476190476,"올해 전력사용량 최종취합본(누적, 4~6월).xlsx",6월데이터,105
2026-06-02,2026-06,2026,6,2,review_optional_major,정보전산원,정보전산원,16777,16777.0,7339.125,7339.125,auto_high_spike_replaced_by_building_month_mean,True,False,False,True,False,False,False,False,False,True,7339.125,8,7339.125,8387.0,9,8387.0,8387.777777777777,8387.0,8388.0,1.0,high,False,,0.2976190476190476,"올해 전력사용량 최종취합본(누적, 4~6월).xlsx",6월데이터,106
2026-06-04,2026-06,2026,6,4,review_optional_major,정보전산원,정보전산원,0,0.0,7339.125,7339.125,suspect_zero_replaced_by_building_month_mean,True,False,False,True,False,False,False,False,True,False,7339.125,8,7339.125,8387.0,9,8387.0,8387.777777777777,8387.0,8388.0,1.0,high,False,,0.2976190476190476,"올해 전력사용량 최종취합본(누적, 4~6월).xlsx",6월데이터,108
2026-06-05,2026-06,2026,6,5,review_optional_major,정보전산원,정보전산원,0,0.0,7339.125,7339.125,suspect_zero_replaced_by_building_month_mean,True,False,False,True,False,False,False,False,True,False,7339.125,8,7339.125,8387.0,9,8387.0,8387.777777777777,8387.0,8388.0,1.0,high,False,,0.2976190476190476,"올해 전력사용량 최종취합본(누적, 4~6월).xlsx",6월데이터,109
2026-06-07,2026-06,2026,6,7,review_optional_major,정보전산원,정보전산원,0,0.0,7339.125,7339.125,suspect_zero_replaced_by_building_month_mean,True,False,False,True,False,False,False,False,True,False,7339.125,8,7339.125,8387.0,9,8387.0,8387.777777777777,8387.0,8388.0,1.0,high,False,,0.2976190476190476,"올해 전력사용량 최종취합본(누적, 4~6월).xlsx",6월데이터,111
2026-06-08,2026-06,2026,6,8,review_optional_major,정보전산원,정보전산원,0,0.0,7339.125,7339.125,suspect_zero_replaced_by_building_month_mean,True,False,False,True,False,False,False,False,True,False,7339.125,8,7339.125,8387.0,9,8387.0,8387.777777777777,8387.0,8388.0,1.0,high,False,,0.2976190476190476,"올해 전력사용량 최종취합본(누적, 4~6월).xlsx",6월데이터,112
2026-06-09,2026-06,2026,6,9,review_optional_major,정보전산원,정보전산원,0,0.0,7339.125,7339.125,suspect_zero_replaced_by_building_month_mean,True,False,False,True,False,False,False,False,True,False,7339.125,8,7339.125,8387.0,9,8387.0,8387.777777777777,8387.0,8388.0,1.0,high,False,,0.2976190476190476,"올해 전력사용량 최종취합본(누적, 4~6월).xlsx",6월데이터,113
2026-06-11,2026-06,2026,6,11,review_optional_major,정보전산원,정보전산원,0,0.0,7339.125,7339.125,suspect_zero_replaced_by_building_month_mean,True,False,False,True,False,False,False,False,True,False,7339.125,8,7339.125,8387.0,9,8387.0,8387.777777777777,8387.0,8388.0,1.0,high,False,,0.2976190476190476,"올해 전력사용량 최종취합본(누적, 4~6월).xlsx",6월데이터,115
2026-06-13,2026-06,2026,6,13,review_optional_major,정보전산원,정보전산원,0,0.0,7339.125,7339.125,suspect_zero_replaced_by_building_month_mean,True,False,False,True,False,False,False,False,True,False,7339.125,8,7339.125,8387.0,9,8387.0,8387.777777777777,8387.0,8388.0,1.0,high,False,,0.2976190476190476,"올해 전력사용량 최종취합본(누적, 4~6월).xlsx",6월데이터,117
2026-06-14,2026-06,2026,6,14,review_optional_major,정보전산원,정보전산원,0,0.0,7339.125,7339.125,suspect_zero_replaced_by_building_month_mean,True,False,False,True,False,False,False,False,True,False,7339.125,8,7339.125,8387.0,9,8387.0,8387.777777777777,8387.0,8388.0,1.0,high,False,,0.2976190476190476,"올해 전력사용량 최종취합본(누적, 4~6월).xlsx",6월데이터,118
2026-06-17,2026-06,2026,6,17,review_optional_major,정보전산원,정보전산원,0,0.0,7339.125,7339.125,suspect_zero_replaced_by_building_month_mean,True,False,False,True,False,False,False,False,True,False,7339.125,8,7339.125,8387.0,9,8387.0,8387.777777777777,8387.0,8388.0,1.0,high,False,,0.2976190476190476,"올해 전력사용량 최종취합본(누적, 4~6월).xlsx",6월데이터,121
2026-06-19,2026-06,2026,6,19,review_optional_major,정보전산원,정보전산원,0,0.0,7339.125,7339.125,suspect_zero_replaced_by_building_month_mean,True,False,False,True,False,False,False,False,True,False,7339.125,8,7339.125,8387.0,9,8387.0,8387.777777777777,8387.0,8388.0,1.0,high,False,,0.2976190476190476,"올해 전력사용량 최종취합본(누적, 4~6월).xlsx",6월데이터,123
2026-06-20,2026-06,2026,6,20,review_optional_major,정보전산원,정보전산원,0,0.0,7339.125,7339.125,suspect_zero_replaced_by_building_month_mean,True,False,False,True,False,False,False,False,True,False,7339.125,8,7339.125,8387.0,9,8387.0,8387.777777777777,8387.0,8388.0,1.0,high,False,,0.2976190476190476,"올해 전력사용량 최종취합본(누적, 4~6월).xlsx",6월데이터,124
2026-06-22,2026-06,2026,6,22,review_optional_major,정보전산원,정보전산원,0,0.0,7339.125,7339.125,suspect_zero_replaced_by_building_month_mean,True,False,False,True,False,False,False,False,True,False,7339.125,8,7339.125,8387.0,9,8387.0,8387.777777777777,8387.0,8388.0,1.0,high,False,,0.2976190476190476,"올해 전력사용량 최종취합본(누적, 4~6월).xlsx",6월데이터,126
2026-06-23,2026-06,2026,6,23,review_optional_major,정보전산원,정보전산원,0,0.0,7339.125,7339.125,suspect_zero_replaced_by_building_month_mean,True,False,False,True,False,False,False,False,True,False,7339.125,8,7339.125,8387.0,9,8387.0,8387.777777777777,8387.0,8388.0,1.0,high,False,,0.2976190476190476,"올해 전력사용량 최종취합본(누적, 4~6월).xlsx",6월데이터,127
2026-06-24,2026-06,2026,6,24,review_optional_major,정보전산원,정보전산원,2139771,2139771.0,7339.125,7339.125,partial_day_replaced_by_building_month_mean,True,False,False,False,True,False,True,True,False,False,7339.125,8,7339.125,8387.0,9,8387.0,8387.777777777777,8387.0,8388.0,1.0,high,False,,0.2976190476190476,"올해 전력사용량 최종취합본(누적, 4~6월).xlsx",6월데이터,128
2026-06-25,2026-06,2026,6,25,review_optional_major,정보전산원,정보전산원,0,,,7339.125,missing_placeholder_kept_na,False,False,False,False,True,True,False,False,False,False,7339.125,8,7339.125,8387.0,9,8387.0,8387.777777777777,8387.0,8388.0,1.0,high,False,,0.2976190476190476,"올해 전력사용량 최종취합본(누적, 4~6월).xlsx",6월데이터,129
2026-06-26,2026-06,2026,6,26,review_optional_major,정보전산원,정보전산원,0,,,7339.125,missing_placeholder_kept_na,False,False,False,False,True,True,False,False,False,False,7339.125,8,7339.125,8387.0,9,8387.0,8387.777777777777,8387.0,8388.0,1.0,high,False,,0.2976190476190476,"올해 전력사용량 최종취합본(누적, 4~6월).xlsx",6월데이터,130
2026-06-27,2026-06,2026,6,27,review_optional_major,정보전산원,정보전산원,0,,,7339.125,missing_placeholder_kept_na,False,False,False,False,True,True,False,False,False,False,7339.125,8,7339.125,8387.0,9,8387.0,8387.777777777777,8387.0,8388.0,1.0,high,False,,0.2976190476190476,"올해 전력사용량 최종취합본(누적, 4~6월).xlsx",6월데이터,131
2026-06-28,2026-06,2026,6,28,review_optional_major,정보전산원,정보전산원,0,,,7339.125,missing_placeholder_kept_na,False,False,False,False,True,True,False,False,False,False,7339.125,8,7339.125,8387.0,9,8387.0,8387.777777777777,8387.0,8388.0,1.0,high,False,,0.2976190476190476,"올해 전력사용량 최종취합본(누적, 4~6월).xlsx",6월데이터,132
2026-06-29,2026-06,2026,6,29,review_optional_major,정보전산원,정보전산원,0,,,7339.125,missing_placeholder_kept_na,False,False,False,False,True,True,False,False,False,False,7339.125,8,7339.125,8387.0,9,8387.0,8387.777777777777,8387.0,8388.0,1.0,high,False,,0.2976190476190476,"올해 전력사용량 최종취합본(누적, 4~6월).xlsx",6월데이터,133
2026-06-30,2026-06,2026,6,30,review_optional_major,정보전산원,정보전산원,0,,,7339.125,missing_placeholder_kept_na,False,False,False,False,True,True,False,False,False,False,7339.125,8,7339.125,8387.0,9,8387.0,8387.777777777777,8387.0,8388.0,1.0,high,False,,0.2976190476190476,"올해 전력사용량 최종취합본(누적, 4~6월).xlsx",6월데이터,134
2026-05-07,2026-05,2026,5,7,review_optional_major,제1인문관심야,인문관,5657461,5657461.0,706.1666666666666,706.1666666666666,known_extreme_outlier_replaced_by_building_month_mean,True,False,False,True,False,False,False,True,False,False,706.1666666666666,30,706.1666666666666,753.0,30,753.0,706.1666666666666,368.25,990.5,622.25,medium,True,,0.0,"올해 전력사용량 최종취합본(누적, 4~6월).xlsx",5월데이터,77
2026-06-24,2026-06,2026,6,24,review_optional_major,제1인문관심야,인문관,262,262.0,1109.4782608695652,1109.4782608695652,partial_day_replaced_by_building_month_mean,True,False,False,False,True,False,True,False,False,False,1109.4782608695652,23,1109.4782608695652,1114.0,23,1114.0,1109.4782608695652,671.5,1425.0,753.5,medium,True,,0.0,"올해 전력사용량 최종취합본(누적, 4~6월).xlsx",6월데이터,128
2026-06-25,2026-06,2026,6,25,review_optional_major,제1인문관심야,인문관,0,,,1109.4782608695652,missing_placeholder_kept_na,False,False,False,False,True,True,False,False,False,False,1109.4782608695652,23,1109.4782608695652,1114.0,23,1114.0,1109.4782608695652,671.5,1425.0,753.5,medium,True,,0.0,"올해 전력사용량 최종취합본(누적, 4~6월).xlsx",6월데이터,129
2026-06-26,2026-06,2026,6,26,review_optional_major,제1인문관심야,인문관,0,,,1109.4782608695652,missing_placeholder_kept_na,False,False,False,False,True,True,False,False,False,False,1109.4782608695652,23,1109.4782608695652,1114.0,23,1114.0,1109.4782608695652,671.5,1425.0,753.5,medium,True,,0.0,"올해 전력사용량 최종취합본(누적, 4~6월).xlsx",6월데이터,130
2026-06-27,2026-06,2026,6,27,review_optional_major,제1인문관심야,인문관,0,,,1109.4782608695652,missing_placeholder_kept_na,False,False,False,False,True,True,False,False,False,False,1109.4782608695652,23,1109.4782608695652,1114.0,23,1114.0,1109.4782608695652,671.5,1425.0,753.5,medium,True,,0.0,"올해 전력사용량 최종취합본(누적, 4~6월).xlsx",6월데이터,131
2026-06-28,2026-06,2026,6,28,review_optional_major,제1인문관심야,인문관,0,,,1109.4782608695652,missing_placeholder_kept_na,False,False,False,False,True,True,False,False,False,False,1109.4782608695652,23,1109.4782608695652,1114.0,23,1114.0,1109.4782608695652,671.5,1425.0,753.5,medium,True,,0.0,"올해 전력사용량 최종취합본(누적, 4~6월).xlsx",6월데이터,132
2026-06-29,2026-06,2026,6,29,review_optional_major,제1인문관심야,인문관,0,,,1109.4782608695652,missing_placeholder_kept_na,False,False,False,False,True,True,False,False,False,False,1109.4782608695652,23,1109.4782608695652,1114.0,23,1114.0,1109.4782608695652,671.5,1425.0,753.5,medium,True,,0.0,"올해 전력사용량 최종취합본(누적, 4~6월).xlsx",6월데이터,133
2026-06-30,2026-06,2026,6,30,review_optional_major,제1인문관심야,인문관,0,,,1109.4782608695652,missing_placeholder_kept_na,False,False,False,False,True,True,False,False,False,False,1109.4782608695652,23,1109.4782608695652,1114.0,23,1114.0,1109.4782608695652,671.5,1425.0,753.5,medium,True,,0.0,"올해 전력사용량 최종취합본(누적, 4~6월).xlsx",6월데이터,134
2026-06-07,2026-06,2026,6,7,review_optional_major,중앙도서관,중앙도서관,0,0.0,1112.0,1112.0,suspect_zero_replaced_by_building_month_mean,True,False,False,True,False,False,False,False,True,False,1112.0,19,1112.0,1212.0,20,1227.5,1332.95,986.75,1344.75,358.0,medium,True,group_2: 중앙도서관 | 천마아트센터,0.03571428571428571,"올해 전력사용량 최종취합본(누적, 4~6월).xlsx",6월데이터,111
2026-06-08,2026-06,2026,6,8,review_optional_major,중앙도서관,중앙도서관,0,0.0,1112.0,1112.0,suspect_zero_replaced_by_building_month_mean,True,False,False,True,False,False,False,False,True,False,1112.0,19,1112.0,1212.0,20,1227.5,1332.95,986.75,1344.75,358.0,medium,True,group_2: 중앙도서관 | 천마아트센터,0.03571428571428571,"올해 전력사용량 최종취합본(누적, 4~6월).xlsx",6월데이터,112
2026-06-09,2026-06,2026,6,9,review_optional_major,중앙도서관,중앙도서관,0,0.0,1112.0,1112.0,suspect_zero_replaced_by_building_month_mean,True,False,False,True,False,False,False,False,True,False,1112.0,19,1112.0,1212.0,20,1227.5,1332.95,986.75,1344.75,358.0,medium,True,group_2: 중앙도서관 | 천마아트센터,0.03571428571428571,"올해 전력사용량 최종취합본(누적, 4~6월).xlsx",6월데이터,113
2026-06-10,2026-06,2026,6,10,review_optional_major,중앙도서관,중앙도서관,5531,5531.0,1112.0,1112.0,auto_high_spike_replaced_by_building_month_mean,True,False,False,True,False,False,False,False,False,True,1112.0,19,1112.0,1212.0,20,1227.5,1332.95,986.75,1344.75,358.0,medium,True,group_2: 중앙도서관 | 천마아트센터,0.03571428571428571,"올해 전력사용량 최종취합본(누적, 4~6월).xlsx",6월데이터,114
2026-06-24,2026-06,2026,6,24,review_optional_major,중앙도서관,중앙도서관,550,550.0,1112.0,1112.0,partial_day_replaced_by_building_month_mean,True,False,False,False,True,False,True,False,False,False,1112.0,19,1112.0,1212.0,20,1227.5,1332.95,986.75,1344.75,358.0,medium,True,group_2: 중앙도서관 | 천마아트센터,0.03571428571428571,"올해 전력사용량 최종취합본(누적, 4~6월).xlsx",6월데이터,128
2026-06-25,2026-06,2026,6,25,review_optional_major,중앙도서관,중앙도서관,0,,,1112.0,missing_placeholder_kept_na,False,False,False,False,True,True,False,False,False,False,1112.0,19,1112.0,1212.0,20,1227.5,1332.95,986.75,1344.75,358.0,medium,True,group_2: 중앙도서관 | 천마아트센터,0.03571428571428571,"올해 전력사용량 최종취합본(누적, 4~6월).xlsx",6월데이터,129
2026-06-26,2026-06,2026,6,26,review_optional_major,중앙도서관,중앙도서관,0,,,1112.0,missing_placeholder_kept_na,False,False,False,False,True,True,False,False,False,False,1112.0,19,1112.0,1212.0,20,1227.5,1332.95,986.75,1344.75,358.0,medium,True,group_2: 중앙도서관 | 천마아트센터,0.03571428571428571,"올해 전력사용량 최종취합본(누적, 4~6월).xlsx",6월데이터,130
2026-06-27,2026-06,2026,6,27,review_optional_major,중앙도서관,중앙도서관,0,,,1112.0,missing_placeholder_kept_na,False,False,False,False,True,True,False,False,False,False,1112.0,19,1112.0,1212.0,20,1227.5,1332.95,986.75,1344.75,358.0,medium,True,group_2: 중앙도서관 | 천마아트센터,0.03571428571428571,"올해 전력사용량 최종취합본(누적, 4~6월).xlsx",6월데이터,131
2026-06-28,2026-06,2026,6,28,review_optional_major,중앙도서관,중앙도서관,0,,,1112.0,missing_placeholder_kept_na,False,False,False,False,True,True,False,False,False,False,1112.0,19,1112.0,1212.0,20,1227.5,1332.95,986.75,1344.75,358.0,medium,True,group_2: 중앙도서관 | 천마아트센터,0.03571428571428571,"올해 전력사용량 최종취합본(누적, 4~6월).xlsx",6월데이터,132
2026-06-29,2026-06,2026,6,29,review_optional_major,중앙도서관,중앙도서관,0,,,1112.0,missing_placeholder_kept_na,False,False,False,False,True,True,False,False,False,False,1112.0,19,1112.0,1212.0,20,1227.5,1332.95,986.75,1344.75,358.0,medium,True,group_2: 중앙도서관 | 천마아트센터,0.03571428571428571,"올해 전력사용량 최종취합본(누적, 4~6월).xlsx",6월데이터,133
2026-06-30,2026-06,2026,6,30,review_optional_major,중앙도서관,중앙도서관,0,,,1112.0,missing_placeholder_kept_na,False,False,False,False,True,True,False,False,False,False,1112.0,19,1112.0,1212.0,20,1227.5,1332.95,986.75,1344.75,358.0,medium,True,group_2: 중앙도서관 | 천마아트센터,0.03571428571428571,"올해 전력사용량 최종취합본(누적, 4~6월).xlsx",6월데이터,134
